1001,700,20,0,0,0,0,793,0,706.5503,706.5503,100,0,1310,0,1317,518,0,0,1
1001,350,20,42,12,0,0,506,0,413.0333,413.0333,100,0,1135,0,1134,520,0,1,1
1001,700,20,21,1,0,0,513,0,712.9777,712.9777,100,0,1310,0,1318,533,0,2,1
1001,350,20,21,0,0,0,491,0,359.4515,359.4515,100,0,1135,0,1127,540,0,3,1
1001,700,20,73,0,0,0,682,0,805.5907,805.5907,100,0,1310,0,1308,543,0,4,1
1001,350,20,21,70,0,0,468,0,353.2291,353.2291,100,0,1135,0,1136,514,0,5,1
1001,350,20,42,0,0,0,742,0,406.368,406.368,100,0,1135,0,1136,530,0,6,1
1001,350,20,42,1,0,0,657,0,505.61172,505.61172,100,0,1135,0,1136,565,0,7,1
1001,700,20,42,70,0,0,561,0,718.3542,718.3542,100,0,1310,0,1304,590,0,8,1
1001,700,20,21,150,0,0,771,0,739.0529,739.0529,100,0,1310,0,1316,540,0,9,1
1001,700,20,21,0,0,0,660,0,830.81665,830.81665,100,0,1310,0,1309,507,0,10,1
1001,350,20,21,1,0,0,541,0,391.66553,391.66553,100,0,1135,0,1139,520,0,11,1
1001,350,20,0,0,0,0,566,0,428.2256,428.2256,100,0,1135,0,1144,513,0,12,1
1001,700,20,73,12,0,0,576,0,769.51984,769.51984,100,0,1310,0,1312,478,0,13,1
1001,350,20,73,12,0,0,544,0,501.23065,501.23065,100,0,1135,0,1142,502,0,14,1
1001,350,20,0,12,0,0,504,0,366.8474,366.8474,100,0,1135,0,1133,512,0,15,1
1001,700,20,42,12,0,0,704,0,973.97095,973.97095,100,0,1310,0,1311,529,0,16,1
1001,700,20,21,12,0,0,606,0,757.94867,757.94867,100,0,1310,0,1312,545,0,17,1
1001,700,20,42,0,0,0,494,0,716.36615,716.36615,100,0,1310,0,1308,537,0,18,1
1001,350,20,0,1,0,0,550,0,462.8718,462.8718,100,0,1135,0,1138,539,0,19,1
1001,350,20,21,150,0,0,647,0,474.60004,474.60004,100,0,1135,0,1138,567,0,20,1
1001,350,20,0,150,0,0,537,0,418.62808,418.62808,100,0,1135,0,1132,607,0,21,1
1001,700,20,73,150,0,0,750,0,757.617,757.617,100,0,1310,0,1307,582,0,22,1
1001,700,20,42,150,0,0,787,0,834.20624,834.20624,100,0,1310,0,1308,574,0,23,1
1001,350,20,73,150,0,0,517,0,520.72534,520.72534,100,0,1135,0,1139,631,0,24,1
1001,350,20,42,150,0,0,578,0,364.12482,364.12482,100,0,1135,0,1136,643,0,25,1
1001,350,20,73,0,0,0,601,0,572.10034,572.10034,100,0,1135,0,1133,666,0,26,1
1001,700,20,73,70,0,0,653,0,886.693,886.693,100,0,1310,0,1304,656,0,27,1
1001,700,20,0,70,0,0,578,0,793.2053,793.2053,100,0,1310,0,1316,682,0,28,1
1001,350,20,73,1,0,0,483,0,426.3135,426.3135,100,0,1135,0,1128,651,0,29,1
1001,700,20,42,1,0,0,613,0,923.7602,923.7602,100,0,1310,0,1311,648,0,30,1
1001,700,20,73,1,0,0,577,0,722.9869,722.9869,100,0,1310,0,1309,576,0,31,1
1001,700,20,0,150,0,0,844,0,822.5417,822.5417,100,0,1310,0,1309,627,0,32,1
1001,700,20,0,1,0,0,483,0,753.7254,753.7254,100,0,1310,0,1314,598,0,33,1
1001,350,20,73,70,0,0,571,0,381.57556,381.57556,100,0,1135,0,1129,601,0,34,1
1001,350,20,42,70,0,0,542,0,503.98657,503.98657,100,0,1135,0,1142,628,0,35,1
1001,700,20,0,12,0,0,516,1,753.20807,753.20807,100,0,1310,0,1320,626,0,36,1
1001,350,20,0,70,0,0,446,0,384.41193,384.41193,100,0,1135,0,1132,710,0,37,1
1001,700,20,21,70,0,0,811,0,1053.7385,1053.7385,100,0,1310,0,1312,722,0,38,1
1001,350,20,21,12,0,0,537,0,551.39484,551.39484,100,0,1135,0,1128,509,0,39,1
1001,700,20,73,0,0,0,735,0,726.678,726.678,100,0,1310,0,1307,540,1,0,0
1001,350,20,73,0,0,0,646,0,606.9804,606.9804,100,0,1135,0,1129,584,1,1,0
1001,700,20,42,12,0,0,597,0,724.04407,724.04407,100,0,1310,0,1301,577,1,2,0
1001,700,20,0,70,0,0,763,0,707.22095,707.22095,100,0,1310,0,1305,548,1,3,0
1001,350,20,0,1,0,0,559,0,419.45782,419.45782,100,0,1135,0,1140,562,1,4,0
1001,350,20,42,12,0,0,591,0,430.26242,430.26242,100,0,1135,0,1132,560,1,5,0
1001,350,20,42,0,0,0,554,0,501.6741,501.6741,100,0,1135,0,1141,573,1,6,0
1001,700,20,73,12,0,0,727,0,726.3182,726.3182,100,0,1310,0,1316,533,1,7,0
1001,700,20,21,70,0,0,685,0,1185.6595,1185.6595,100,0,1310,0,1309,605,1,8,0
1001,700,20,0,0,0,0,688,0,1102.6318,1102.6318,100,0,1310,0,1318,604,1,9,0
1001,700,20,42,0,0,0,704,0,890.02716,890.02716,100,0,1310,0,1310,612,1,10,0
1001,700,20,73,70,0,0,731,0,802.6597,802.6597,100,0,1310,0,1301,630,1,11,0
1001,350,20,73,150,0,0,530,0,475.63437,475.63437,100,0,1135,0,1127,635,1,12,0
1001,700,20,42,150,0,0,581,0,742.26,742.26,100,0,1310,0,1313,633,1,13,0
1001,700,20,21,150,0,0,676,0,794.3199,794.3199,100,0,1310,0,1301,625,1,14,0
1001,350,20,0,70,0,0,470,0,369.5368,369.5368,100,0,1135,0,1134,632,1,15,0
1001,700,20,42,70,0,0,624,0,862.3395,862.3395,100,0,1310,0,1312,632,1,16,0
1001,700,20,73,1,0,0,680,0,931.52576,931.52576,100,0,1310,0,1312,633,1,17,0
1001,350,20,21,70,0,0,702,0,572.6471,572.6471,100,0,1135,0,1131,627,1,18,0
1001,350,20,0,12,0,0,602,0,399.66016,399.66016,100,0,1135,0,1128,629,1,19,0
1001,700,20,21,12,0,0,512,0,726.62384,726.62384,100,0,1310,0,1304,631,1,20,0
1001,700,20,21,0,0,0,521,0,743.38794,743.38794,100,0,1310,0,1313,651,1,21,0
1001,350,20,42,70,0,0,518,0,455.17847,455.17847,100,0,1135,0,1129,659,1,22,0
1001,700,20,73,150,0,0,671,0,788.0032,788.0032,100,0,1310,0,1307,674,1,23,0
1001,350,20,73,12,0,0,629,0,454.49402,454.49402,100,0,1135,0,1138,663,1,24,0
1001,350,20,42,1,0,0,605,0,381.04132,381.04132,100,0,1135,0,1131,651,1,25,0
1001,350,20,73,1,0,0,472,0,357.4941,357.4941,100,0,1135,0,1129,645,1,26,0
1001,700,20,42,1,0,0,518,0,756.0121,756.0121,100,0,1310,0,1311,660,1,27,0
1001,700,20,21,1,0,0,712,0,979.9617,979.9617,100,0,1310,0,1313,660,1,28,0
1001,700,20,0,1,0,0,666,0,762.6372,762.6372,100,0,1310,0,1305,606,1,29,0
1001,350,20,73,70,0,0,619,0,367.48254,367.48254,100,0,1135,0,1140,618,1,30,0
1001,350,20,21,150,0,0,673,0,605.9102,605.9102,100,0,1135,0,1133,663,1,31,0
1001,700,20,0,150,0,0,651,0,694.6622,694.6622,100,0,1310,0,1302,661,1,32,0
1001,350,20,21,1,0,0,493,0,386.67767,386.67767,100,0,1135,0,1141,663,1,33,0
1001,350,20,0,150,0,0,526,1,462.43835,462.43835,100,0,1135,0,1124,666,1,34,0
1001,700,20,0,12,0,0,685,0,729.24036,729.24036,100,0,1310,0,1311,649,1,35,0
1001,350,20,21,12,0,0,651,0,427.43948,427.43948,100,0,1135,0,1134,668,1,36,0
1001,350,20,0,0,0,0,601,0,430.0595,430.0595,100,0,1135,0,1141,702,1,37,0
1001,350,20,21,0,0,0,609,0,443.0006,443.0006,100,0,1135,0,1131,692,1,38,0
1001,350,20,42,150,0,0,462,0,402.98822,402.98822,100,0,1135,0,1139,690,1,39,0
1001,350,20,21,12,0,0,529,0,358.98404,358.98404,100,0,1135,0,1135,679,2,0,0
1001,350,20,42,150,0,0,528,0,376.30887,376.30887,100,0,1135,0,1142,691,2,1,0
1001,350,20,0,150,0,0,603,0,422.55322,422.55322,100,0,1135,0,1134,674,2,2,0
1001,700,20,73,0,0,0,599,1,691.02386,691.02386,100,0,1310,0,1296,683,2,3,0
1001,700,20,21,0,0,0,641,0,836.00616,836.00616,100,0,1310,0,1315,694,2,4,0
1001,350,20,73,12,0,0,510,0,427.59238,427.59238,100,0,1135,0,1142,708,2,5,0
1001,700,20,0,1,0,0,659,0,741.0517,741.0517,100,0,1310,0,1309,722,2,6,0
1001,700,20,73,1,0,0,604,0,710.6672,710.6672,100,0,1310,0,1308,715,2,7,0
1001,350,20,0,1,0,0,550,0,492.29166,492.29166,100,0,1135,0,1139,732,2,8,0
1001,700,20,42,70,0,0,688,0,935.55005,935.55005,100,0,1310,0,1309,746,2,9,0
1001,350,20,0,0,0,0,607,0,442.20178,442.20178,100,0,1135,0,1140,750,2,10,0
1001,700,20,0,12,0,0,623,0,753.0649,753.0649,100,0,1310,0,1302,752,2,11,0
1001,700,20,42,0,0,0,697,0,760.7522,760.7522,100,0,1310,0,1307,764,2,12,0
1001,350,20,73,0,0,0,446,0,356.7844,356.7844,100,0,1135,0,1128,749,2,13,0
1001,350,20,42,0,0,0,629,0,510.21326,510.21326,100,0,1135,0,1136,742,2,14,0
1001,700,20,73,70,0,0,661,0,763.95294,763.95294,100,0,1310,0,1311,758,2,15,0
1001,700,20,42,12,0,0,468,0,712.3532,712.3532,100,0,1310,0,1308,761,2,16,0
1001,350,20,73,1,0,0,527,0,430.63962,430.63962,100,0,1135,0,1141,739,2,17,0
1001,700,20,42,150,0,0,531,0,724.0483,724.0483,100,0,1310,0,1311,726,2,18,0
1001,350,20,73,70,0,0,435,0,370.2911,370.2911,100,0,1135,0,1139,724,2,19,0
1001,350,20,21,70,0,0,749,0,474.25644,474.25644,100,0,1135,0,1133,727,2,20,0
1001,350,20,21,1,0,0,600,0,375.40027,375.40027,100,0,1135,0,1127,735,2,21,0
1001,700,20,42,1,0,0,613,0,736.4673,736.4673,100,0,1310,0,1306,707,2,22,0
1001,700,20,73,150,0,0,636,0,773.5533,773.5533,100,0,1310,0,1311,791,2,23,0
1001,700,20,0,0,0,0,569,0,804.7813,804.7813,100,0,1310,0,1300,785,2,24,0
1001,700,20,21,70,0,0,616,0,761.60645,761.60645,100,0,1310,0,1307,800,2,25,0
1001,350,20,42,12,0,0,586,1,381.95163,381.95163,100,0,1135,0,1147,804,2,26,0
1001,700,20,0,150,0,0,692,0,713.63446,713.63446,100,0,1310,0,1302,777,2,27,0
1001,700,20,0,70,0,0,743,0,874.7983,874.7983,100,0,1310,0,1305,586,2,28,0
1001,700,20,21,150,0,0,733,0,737.1794,737.1794,100,0,1310,0,1304,585,2,29,0
1001,350,20,42,1,0,0,465,0,361.65842,361.65842,100,0,1135,0,1139,586,2,30,0
1001,350,20,0,12,0,0,680,0,585.4122,585.4122,100,0,1135,0,1132,611,2,31,0
1001,700,20,21,1,0,0,618,0,835.44885,835.44885,100,0,1310,0,1310,558,2,32,0
1001,350,20,0,70,0,0,704,0,659.94977,659.94977,100,0,1135,0,1137,591,2,33,0
1001,350,20,42,70,0,0,485,0,389.0196,389.0196,100,0,1135,0,1128,589,2,34,0
1001,700,20,21,12,0,0,710,0,748.95325,748.95325,100,0,1310,0,1303,585,2,35,0
1001,350,20,21,150,0,0,443,0,364.359,364.359,100,0,1135,0,1135,589,2,36,0
1001,350,20,73,150,0,0,457,0,373.71786,373.71786,100,0,1135,0,1141,587,2,37,0
1001,350,20,21,0,0,0,460,0,396.632,396.632,100,0,1135,0,1131,592,2,38,0
1001,700,20,73,12,0,0,623,0,709.42175,709.42175,100,0,1310,0,1300,566,2,39,0
1001,700,20,0,150,0,0,665,0,711.7687,711.7687,100,0,1310,0,1307,573,3,0,0
1001,350,20,0,12,0,0,514,0,386.44632,386.44632,100,0,1135,0,1135,563,3,1,0
1001,350,20,73,70,0,0,457,0,427.82138,427.82138,100,0,1135,0,1142,569,3,2,0
1001,700,20,42,1,0,0,653,0,935.5991,935.5991,100,0,1310,0,1309,561,3,3,0
1001,700,20,21,0,0,0,582,0,867.19604,867.19604,100,0,1310,0,1313,561,3,4,0
1001,700,20,0,0,0,0,812,1,692.54205,692.54205,100,0,1310,0,1297,598,3,5,0
1001,700,20,42,70,0,0,698,0,904.4278,904.4278,100,0,1310,0,1305,640,3,6,0
1001,350,20,73,1,0,0,560,1,473.38498,473.38498,100,0,1135,0,1147,623,3,7,0
1001,700,20,73,0,0,0,771,0,749.97644,749.97644,100,0,1310,0,1308,616,3,8,0
1001,350,20,0,70,0,0,545,0,405.00537,405.00537,100,0,1135,0,1134,616,3,9,0
1001,350,20,42,1,0,0,462,0,410.79764,410.79764,100,0,1135,0,1136,619,3,10,0
1001,700,20,21,70,0,0,658,0,781.95654,781.95654,100,0,1310,0,1302,612,3,11,0
1001,350,20,42,150,0,0,569,0,381.63486,381.63486,100,0,1135,0,1140,616,3,12,0
1001,350,20,21,0,0,0,520,0,412.14313,412.14313,100,0,1135,0,1140,625,3,13,0
1001,350,20,73,150,0,0,611,0,381.99976,381.99976,100,0,1135,0,1131,628,3,14,0
1001,700,20,0,12,0,0,683,0,740.5429,740.5429,100,0,1310,0,1308,629,3,15,0
1001,700,20,73,1,0,0,550,0,733.75653,733.75653,100,0,1310,0,1305,633,3,16,0
1001,350,20,21,150,0,0,517,0,383.34756,383.34756,100,0,1135,0,1130,665,3,17,0
1001,700,20,0,70,0,0,665,0,711.36615,711.36615,100,0,1310,0,1313,653,3,18,0
1001,350,20,21,12,0,0,513,0,440.58054,440.58054,100,0,1135,0,1125,657,3,19,0
1001,350,20,0,0,0,0,478,0,372.16226,372.16226,100,0,1135,0,1126,643,3,20,0
1001,350,20,42,70,0,0,502,0,396.3835,396.3835,100,0,1135,0,1130,651,3,21,0
1001,700,20,21,1,0,0,495,0,706.6503,706.6503,100,0,1310,0,1304,640,3,22,0
1001,350,20,73,12,0,0,447,0,369.32016,369.32016,100,0,1135,0,1130,646,3,23,0
1001,350,20,42,12,0,0,450,0,367.47296,367.47296,100,0,1135,0,1136,644,3,24,0
1001,350,20,21,1,0,0,562,0,419.20444,419.20444,100,0,1135,0,1127,657,3,25,0
1001,350,20,42,0,0,0,438,0,354.81815,354.81815,100,0,1135,0,1132,686,3,26,0
1001,700,20,73,150,0,0,634,0,776.46454,776.46454,100,0,1310,0,1308,675,3,27,0
1001,350,20,73,0,0,0,582,0,343.36105,343.36105,100,0,1135,0,1129,653,3,28,0
1001,700,20,73,70,0,0,589,0,723.021,723.021,100,0,1310,0,1309,662,3,29,0
1001,700,20,21,12,0,0,578,0,740.43713,740.43713,100,0,1310,0,1301,663,3,30,0
1001,700,20,42,150,0,0,591,0,705.2573,705.2573,100,0,1310,0,1308,682,3,31,0
1001,700,20,42,12,0,0,591,0,729.49615,729.49615,100,0,1310,0,1315,644,3,32,0
1001,700,20,0,1,0,0,551,0,782.32996,782.32996,100,0,1310,0,1307,658,3,33,0
1001,700,20,21,150,0,0,632,0,868.2246,868.2246,100,0,1310,0,1304,654,3,34,0
1001,350,20,21,70,0,0,462,0,396.61188,396.61188,100,0,1135,0,1127,644,3,35,0
1001,350,20,0,1,0,0,583,0,375.11545,375.11545,100,0,1135,0,1129,639,3,36,0
1001,700,20,73,12,0,0,478,0,736.52795,736.52795,100,0,1310,0,1315,613,3,37,0
1001,350,20,0,150,0,0,607,0,497.34418,497.34418,100,0,1135,0,1131,624,3,38,0
1001,700,20,42,0,0,0,673,0,771.8442,771.8442,100,0,1310,0,1313,638,3,39,0
1001,350,20,42,150,0,0,536,0,403.95654,403.95654,100,0,1135,0,1131,625,4,0,0
1001,350,20,0,12,0,0,475,0,412.79285,412.79285,100,0,1135,0,1142,638,4,1,0
1001,350,20,42,12,0,0,561,0,437.22476,437.22476,100,0,1135,0,1129,658,4,2,0
1001,350,20,73,12,0,0,532,0,448.012,448.012,100,0,1135,0,1132,660,4,3,0
1001,700,20,73,150,0,0,746,0,1011.09467,1011.09467,100,0,1310,0,1311,691,4,4,0
1001,350,20,42,1,0,0,444,0,373.36212,373.36212,100,0,1135,0,1127,668,4,5,0
1001,700,20,42,12,0,0,828,0,731.0105,731.0105,100,0,1310,0,1302,627,4,6,0
1001,700,20,21,1,0,0,651,0,754.587,754.587,100,0,1310,0,1318,659,4,7,0
1001,350,20,42,70,0,0,607,0,372.39792,372.39792,100,0,1135,0,1139,626,4,8,0
1001,350,20,0,1,0,0,539,0,408.86594,408.86594,100,0,1135,0,1137,636,4,9,0
1001,700,20,42,0,0,0,594,0,754.86743,754.86743,100,0,1310,0,1310,631,4,10,0
1001,700,20,21,0,0,0,598,0,700.8384,700.8384,100,0,1310,0,1308,623,4,11,0
1001,350,20,0,0,0,0,429,0,362.11935,362.11935,100,0,1135,0,1133,639,4,12,0
1001,350,20,21,150,0,0,532,0,373.7467,373.7467,100,0,1135,0,1137,631,4,13,0
1001,350,20,21,70,0,0,646,0,415.91135,415.91135,100,0,1135,0,1139,642,4,14,0
1001,700,20,42,1,0,0,461,0,747.94446,747.94446,100,0,1310,0,1313,633,4,15,0
1001,350,20,73,1,0,0,395,1,354.96796,354.96796,100,0,1135,0,1124,629,4,16,0
1001,350,20,0,150,0,0,599,0,389.79263,389.79263,100,0,1135,0,1139,641,4,17,0
1001,700,20,0,150,0,0,630,0,794.47974,794.47974,100,0,1310,0,1310,653,4,18,0
1001,700,20,0,0,0,0,585,0,806.86774,806.86774,100,0,1310,0,1316,697,4,19,0
1001,350,20,73,150,0,0,561,0,406.6275,406.6275,100,0,1135,0,1137,697,4,20,0
1001,700,20,21,70,0,0,655,0,768.7096,768.7096,100,0,1310,0,1309,705,4,21,0
1001,700,20,42,70,0,0,687,0,853.42114,853.42114,100,0,1310,0,1313,715,4,22,0
1001,700,20,0,70,0,0,658,1,714.708,714.708,100,0,1310,0,1299,714,4,23,0
1001,700,20,73,1,0,0,513,0,716.9058,716.9058,100,0,1310,0,1305,710,4,24,0
1001,700,20,73,70,0,0,685,0,903.59015,903.59015,100,0,1310,0,1304,714,4,25,0
1001,350,20,73,70,0,0,498,0,362.55844,362.55844,100,0,1135,0,1128,644,4,26,0
1001,350,20,42,0,0,0,640,0,407.52383,407.52383,100,0,1135,0,1131,662,4,27,0
1001,350,20,21,0,0,0,567,0,448.75613,448.75613,100,0,1135,0,1134,668,4,28,0
1001,700,20,21,150,0,0,711,0,793.1392,793.1392,100,0,1310,0,1308,668,4,29,0
1001,700,20,0,1,0,0,524,0,761.2306,761.2306,100,0,1310,0,1314,657,4,30,0
1001,350,20,21,12,0,0,620,0,538.5342,538.5342,100,0,1135,0,1129,663,4,31,0
1001,350,20,21,1,0,0,545,0,437.36133,437.36133,100,0,1135,0,1137,659,4,32,0
1001,700,20,21,12,0,0,620,0,752.30316,752.30316,100,0,1310,0,1312,636,4,33,0
1001,700,20,73,12,0,0,712,0,814.0843,814.0843,100,0,1310,0,1314,644,4,34,0
1001,700,20,42,150,0,0,673,0,826.9528,826.9528,100,0,1310,0,1311,683,4,35,0
1001,700,20,0,12,0,0,569,0,766.3627,766.3627,100,0,1310,0,1308,695,4,36,0
1001,700,20,73,0,0,0,570,0,711.37024,711.37024,100,0,1310,0,1303,672,4,37,0
1001,350,20,0,70,0,0,566,0,501.42154,501.42154,100,0,1135,0,1134,688,4,38,0
1001,350,20,73,0,0,0,546,0,362.54443,362.54443,100,0,1135,0,1131,668,4,39,0
1001,350,20,42,1,0,0,538,0,375.036,375.036,100,0,1135,0,1133,663,5,0,0
1001,700,20,42,150,0,0,544,0,767.0468,767.0468,100,0,1310,0,1311,673,5,1,0
1001,350,20,73,70,0,0,578,0,436.65305,436.65305,100,0,1135,0,1142,663,5,2,0
1001,700,20,42,1,0,0,623,0,778.5472,778.5472,100,0,1310,0,1314,646,5,3,0
1001,350,20,42,70,0,0,524,0,416.94086,416.94086,100,0,1135,0,1144,636,5,4,0
1001,350,20,42,12,0,0,664,0,404.2361,404.2361,100,0,1135,0,1126,633,5,5,0
1001,350,20,21,150,0,0,500,0,353.61545,353.61545,100,0,1135,0,1133,633,5,6,0
1001,350,20,73,150,0,0,571,0,442.10193,442.10193,100,0,1135,0,1134,645,5,7,0
1001,700,20,21,150,0,0,549,0,703.34265,703.34265,100,0,1310,0,1312,623,5,8,0
1001,350,20,21,1,0,0,479,0,429.08218,429.08218,100,0,1135,0,1135,635,5,9,0
1001,700,20,42,70,0,0,610,0,720.28204,720.28204,100,0,1310,0,1305,652,5,10,0
1001,350,20,21,70,0,0,570,0,368.00806,368.00806,100,0,1135,0,1134,632,5,11,0
1001,700,20,21,1,0,0,596,1,787.0698,787.0698,100,0,1310,0,1299,629,5,12,0
1001,350,20,0,150,0,0,593,0,458.88712,458.88712,100,0,1135,0,1138,631,5,13,0
1001,700,20,42,0,0,0,505,0,789.644,789.644,100,0,1310,0,1318,631,5,14,0
1001,700,20,21,0,0,0,516,0,765.4806,765.4806,100,0,1310,0,1306,633,5,15,0
1001,700,20,73,12,0,0,631,0,733.36523,733.36523,100,0,1310,0,1307,624,5,16,0
1001,700,20,42,12,0,0,660,1,804.8857,804.8857,100,0,1310,0,1295,666,5,17,0
1001,700,20,0,0,0,0,584,0,712.6257,712.6257,100,0,1310,0,1300,671,5,18,0
1001,350,20,0,70,0,0,550,0,381.16885,381.16885,100,0,1135,0,1143,668,5,19,0
1001,700,20,73,1,0,0,595,0,700.3512,700.3512,100,0,1310,0,1303,664,5,20,0
1001,700,20,73,70,0,0,485,0,714.10834,714.10834,100,0,1310,0,1311,664,5,21,0
1001,350,20,73,12,0,0,453,0,448.22202,448.22202,100,0,1135,0,1131,656,5,22,0
1001,700,20,73,150,0,0,839,0,736.07324,736.07324,100,0,1310,0,1307,647,5,23,0
1001,700,20,0,12,0,0,642,0,814.55365,814.55365,100,0,1310,0,1314,649,5,24,0
1001,350,20,42,0,0,0,506,0,440.20706,440.20706,100,0,1135,0,1144,650,5,25,0
1001,700,20,0,1,0,0,527,0,752.7413,752.7413,100,0,1310,0,1310,623,5,26,0
1001,350,20,42,150,0,0,530,0,425.51202,425.51202,100,0,1135,0,1135,620,5,27,0
1001,350,20,0,0,0,0,459,0,398.22607,398.22607,100,0,1135,0,1140,599,5,28,0
1001,350,20,21,0,0,0,637,0,541.90283,541.90283,100,0,1135,0,1135,606,5,29,0
1001,700,20,21,70,0,0,668,0,738.49426,738.49426,100,0,1310,0,1307,600,5,30,0
1001,350,20,21,12,0,0,619,0,484.27353,484.27353,100,0,1135,0,1132,625,5,31,0
1001,700,20,0,70,0,0,610,0,800.03375,800.03375,100,0,1310,0,1306,646,5,32,0
1001,350,20,73,1,0,0,532,0,478.40854,478.40854,100,0,1135,0,1126,658,5,33,0
1001,700,20,21,12,0,0,612,0,731.98364,731.98364,100,0,1310,0,1303,634,5,34,0
1001,350,20,73,0,0,0,629,0,362.23813,362.23813,100,0,1135,0,1133,602,5,35,0
1001,350,20,0,12,0,0,706,0,420.65192,420.65192,100,0,1135,0,1140,633,5,36,0
1001,700,20,73,0,0,0,678,0,915.3053,915.3053,100,0,1310,0,1310,654,5,37,0
1001,350,20,0,1,0,0,490,0,418.77097,418.77097,100,0,1135,0,1142,668,5,38,0
1001,700,20,0,150,0,0,753,0,838.3529,838.3529,100,0,1310,0,1307,671,5,39,0
1001,350,20,21,0,0,0,580,0,500.71405,500.71405,100,0,1135,0,1141,701,6,0,0
1001,350,20,42,1,0,0,508,0,459.57697,459.57697,100,0,1135,0,1134,718,6,1,0
1001,700,20,21,150,0,0,552,0,729.57983,729.57983,100,0,1310,0,1305,704,6,2,0
1001,700,20,42,0,0,0,661,0,797.17224,797.17224,100,0,1310,0,1312,713,6,3,0
1001,350,20,42,150,0,0,557,0,365.2853,365.2853,100,0,1135,0,1133,707,6,4,0
1001,350,20,0,1,0,0,445,0,385.48953,385.48953,100,0,1135,0,1134,703,6,5,0
1001,350,20,42,70,0,0,546,0,379.6028,379.6028,100,0,1135,0,1141,687,6,6,0
1001,350,20,0,70,0,0,555,0,453.63095,453.63095,100,0,1135,0,1137,705,6,7,0
1001,350,20,73,150,0,0,531,0,388.1621,388.1621,100,0,1135,0,1134,700,6,8,0
1001,700,20,0,12,0,0,614,0,830.63477,830.63477,100,0,1310,0,1306,714,6,9,0
1001,350,20,73,0,0,0,434,0,382.4462,382.4462,100,0,1135,0,1142,658,6,10,0
1001,700,20,73,150,0,0,728,0,742.12744,742.12744,100,0,1310,0,1315,677,6,11,0
1001,700,20,42,70,0,0,972,0,740.85516,740.85516,100,0,1310,0,1314,677,6,12,0
1001,700,20,0,150,0,0,636,0,849.99115,849.99115,100,0,1310,0,1313,682,6,13,0
1001,350,20,42,0,0,0,653,0,398.72482,398.72482,100,0,1135,0,1136,681,6,14,0
1001,700,20,21,12,0,0,605,0,713.3324,713.3324,100,0,1310,0,1316,670,6,15,0
1001,700,20,73,12,0,0,635,0,710.33716,710.33716,100,0,1310,0,1309,649,6,16,0
1001,350,20,42,12,0,0,660,0,540.9706,540.9706,100,0,1135,0,1135,683,6,17,0
1001,700,20,42,1,0,0,620,0,728.3172,728.3172,100,0,1310,0,1315,698,6,18,0
1001,350,20,73,1,0,0,596,0,355.45203,355.45203,100,0,1135,0,1136,692,6,19,0
1001,350,20,0,0,0,0,530,0,417.5922,417.5922,100,0,1135,0,1133,699,6,20,0
1001,350,20,21,70,0,0,542,0,402.96985,402.96985,100,0,1135,0,1133,699,6,21,0
1001,700,20,73,1,0,0,476,0,695.77893,695.77893,100,0,1310,0,1312,692,6,22,0
1001,700,20,73,70,0,0,623,0,754.1897,754.1897,100,0,1310,0,1306,697,6,23,0
1001,350,20,21,1,0,0,497,0,373.02484,373.02484,100,0,1135,0,1135,699,6,24,0
1001,700,20,73,0,0,0,577,0,788.54803,788.54803,100,0,1310,0,1316,704,6,25,0
1001,350,20,21,12,0,0,444,0,344.29694,344.29694,100,0,1135,0,1127,685,6,26,0
1001,350,20,21,150,0,0,409,0,349.25378,349.25378,100,0,1135,0,1136,683,6,27,0
1001,700,20,42,150,0,0,546,1,739.4088,739.4088,100,0,1310,0,1321,676,6,28,0
1001,350,20,73,70,0,0,431,0,354.66064,354.66064,100,0,1135,0,1132,696,6,29,0
1001,700,20,21,1,0,0,496,0,707.36096,707.36096,100,0,1310,0,1308,685,6,30,0
1001,700,20,42,12,0,0,694,0,724.44116,724.44116,100,0,1310,0,1305,649,6,31,0
1001,700,20,0,70,0,0,654,0,761.4374,761.4374,100,0,1310,0,1315,659,6,32,0
1001,700,20,21,0,0,0,665,0,767.944,767.944,100,0,1310,0,1305,661,6,33,0
1001,700,20,0,1,0,0,503,0,712.1048,712.1048,100,0,1310,0,1318,663,6,34,0
1001,350,20,73,12,0,0,499,0,352.54828,352.54828,100,0,1135,0,1133,679,6,35,0
1001,350,20,0,12,0,0,433,0,365.0288,365.0288,100,0,1135,0,1135,683,6,36,0
1001,700,20,21,70,0,0,578,0,824.6815,824.6815,100,0,1310,0,1313,697,6,37,0
1001,350,20,0,150,0,0,521,0,352.01236,352.01236,100,0,1135,0,1131,677,6,38,0
1001,700,20,0,0,0,0,519,0,758.9185,758.9185,100,0,1310,0,1310,690,6,39,0
1001,700,20,21,0,0,0,636,0,766.9464,766.9464,100,0,1310,0,1309,691,7,0,0
1001,350,20,21,70,0,0,516,0,442.57297,442.57297,100,0,1135,0,1131,681,7,1,0
1001,350,20,21,1,0,0,464,0,398.53824,398.53824,100,0,1135,0,1131,667,7,2,0
1001,350,20,21,0,0,0,539,0,389.1425,389.1425,100,0,1135,0,1141,678,7,3,0
1001,350,20,0,70,0,0,440,0,437.58652,437.58652,100,0,1135,0,1130,688,7,4,0
1001,350,20,73,0,0,0,533,0,424.44308,424.44308,100,0,1135,0,1138,688,7,5,0
1001,700,20,73,0,0,0,685,0,717.6944,717.6944,100,0,1310,0,1301,662,7,6,0
1001,350,20,42,70,0,0,580,0,369.18057,369.18057,100,0,1135,0,1139,659,7,7,0
1001,350,20,0,150,0,0,596,0,557.63654,557.63654,100,0,1135,0,1133,677,7,8,0
1001,350,20,42,1,0,0,453,0,387.89655,387.89655,100,0,1135,0,1134,664,7,9,0
1001,350,20,73,150,0,0,629,0,408.58325,408.58325,100,0,1135,0,1137,657,7,10,0
1001,700,20,0,70,0,0,472,0,736.57733,736.57733,100,0,1310,0,1316,643,7,11,0
1001,700,20,21,70,0,0,691,0,855.94104,855.94104,100,0,1310,0,1308,662,7,12,0
1001,700,20,0,12,0,0,578,0,954.77686,954.77686,100,0,1310,0,1312,680,7,13,0
1001,350,20,42,0,0,0,538,0,450.0187,450.0187,100,0,1135,0,1135,713,7,14,0
1001,700,20,21,150,0,0,642,0,716.8497,716.8497,100,0,1310,0,1301,717,7,15,0
1001,700,20,42,0,0,0,456,0,720.6551,720.6551,100,0,1310,0,1314,699,7,16,0
1001,350,20,21,12,0,0,535,0,366.1424,366.1424,100,0,1135,0,1139,691,7,17,0
1001,700,20,73,1,0,0,577,0,754.62885,754.62885,100,0,1310,0,1306,696,7,18,0
1001,350,20,0,12,0,0,446,0,360.44785,360.44785,100,0,1135,0,1137,685,7,19,0
1001,350,20,21,150,0,0,642,0,409.24075,409.24075,100,0,1135,0,1139,684,7,20,0
1001,700,20,73,70,0,0,738,0,842.6119,842.6119,100,0,1310,0,1303,674,7,21,0
1001,700,20,42,150,0,0,547,0,729.6048,729.6048,100,0,1310,0,1310,682,7,22,0
1001,350,20,73,1,0,0,540,0,390.59677,390.59677,100,0,1135,0,1135,689,7,23,0
1001,700,20,73,12,0,0,579,1,713.70105,713.70105,100,0,1310,0,1321,666,7,24,0
1001,700,20,21,1,0,0,499,0,726.55884,726.55884,100,0,1310,0,1311,658,7,25,0
1001,350,20,73,12,0,0,457,0,385.46454,385.46454,100,0,1135,0,1129,652,7,26,0
1001,350,20,73,70,0,0,579,0,487.72736,487.72736,100,0,1135,0,1128,693,7,27,0
1001,700,20,21,12,0,0,679,0,792.0994,792.0994,100,0,1310,0,1309,694,7,28,0
1001,700,20,42,12,0,0,621,0,819.97363,819.97363,100,0,1310,0,1315,709,7,29,0
1001,350,20,42,150,0,0,414,0,351.30408,351.30408,100,0,1135,0,1133,703,7,30,0
1001,700,20,0,1,0,0,801,0,1076.63,1076.63,100,0,1310,0,1311,729,7,31,0
1001,350,20,42,12,0,0,449,0,364.80106,364.80106,100,0,1135,0,1134,709,7,32,0
1001,700,20,73,150,0,0,656,0,741.1213,741.1213,100,0,1310,0,1307,698,7,33,0
1001,700,20,0,0,0,0,540,0,756.9627,756.9627,100,0,1310,0,1308,695,7,34,0
1001,700,20,42,70,0,0,641,0,809.2028,809.2028,100,0,1310,0,1313,693,7,35,0
1001,700,20,0,150,0,0,725,0,745.66077,745.66077,100,0,1310,0,1307,678,7,36,0
1001,350,20,0,1,0,0,512,0,442.51993,442.51993,100,0,1135,0,1135,701,7,37,0
1001,700,20,42,1,0,0,670,0,784.17004,784.17004,100,0,1310,0,1308,717,7,38,0
1001,350,20,0,0,0,0,567,0,389.6241,389.6241,100,0,1135,0,1128,722,7,39,0
1001,700,20,0,0,0,0,597,0,786.5365,786.5365,100,0,1310,0,1314,715,8,0,0
1001,700,20,42,12,0,0,519,0,726.83624,726.83624,100,0,1310,0,1309,708,8,1,0
1001,700,20,42,1,0,0,707,0,722.4275,722.4275,100,0,1310,0,1304,707,8,2,0
1001,350,20,0,1,0,0,534,0,381.43466,381.43466,100,0,1135,0,1138,695,8,3,0
1001,700,20,21,1,0,0,728,1,710.5445,710.5445,100,0,1310,0,1296,693,8,4,0
1001,350,20,0,150,0,0,601,0,529.86426,529.86426,100,0,1135,0,1132,758,8,5,0
1001,700,20,0,12,0,0,783,0,736.97406,736.97406,100,0,1310,0,1314,591,8,6,0
1001,350,20,73,150,0,0,561,0,453.41177,453.41177,100,0,1135,0,1138,645,8,7,0
1001,350,20,42,0,0,0,464,0,389.11563,389.11563,100,0,1135,0,1140,604,8,8,0
1001,700,20,42,150,0,0,599,0,752.21844,752.21844,100,0,1310,0,1300,605,8,9,0
1001,350,20,73,0,0,0,536,0,431.22086,431.22086,100,0,1135,0,1137,622,8,10,0
1001,700,20,0,1,0,0,678,0,802.8359,802.8359,100,0,1310,0,1308,649,8,11,0
1001,350,20,42,150,0,0,516,0,456.27185,456.27185,100,0,1135,0,1139,650,8,12,0
1001,700,20,73,0,0,0,767,0,713.7885,713.7885,100,0,1310,0,1306,610,8,13,0
1001,350,20,73,70,0,0,529,0,444.27652,444.27652,100,0,1135,0,1138,634,8,14,0
1001,700,20,21,12,0,0,583,0,793.0668,793.0668,100,0,1310,0,1304,636,8,15,0
1001,350,20,0,12,0,0,456,0,399.08725,399.08725,100,0,1135,0,1136,562,8,16,0
1001,700,20,0,150,0,0,590,0,719.18494,719.18494,100,0,1310,0,1305,583,8,17,0
1001,700,20,21,150,0,0,642,0,863.09625,863.09625,100,0,1310,0,1313,598,8,18,0
1001,700,20,73,12,0,0,495,0,727.46265,727.46265,100,0,1310,0,1319,554,8,19,0
1001,350,20,42,1,0,0,556,0,455.3044,455.3044,100,0,1135,0,1137,566,8,20,0
1001,350,20,42,12,0,0,453,0,396.52094,396.52094,100,0,1135,0,1136,560,8,21,0
1001,700,20,42,0,0,0,493,0,739.2723,739.2723,100,0,1310,0,1308,561,8,22,0
1001,700,20,42,70,0,0,647,0,740.83105,740.83105,100,0,1310,0,1301,599,8,23,0
1001,700,20,21,0,0,0,590,0,836.89825,836.89825,100,0,1310,0,1316,600,8,24,0
1001,350,20,21,70,0,0,558,0,374.63113,374.63113,100,0,1135,0,1129,592,8,25,0
1001,700,20,73,70,0,0,488,0,732.5191,732.5191,100,0,1310,0,1308,604,8,26,0
1001,350,20,21,0,0,0,496,0,431.20084,431.20084,100,0,1135,0,1136,595,8,27,0
1001,350,20,21,150,0,0,459,0,370.71002,370.71002,100,0,1135,0,1130,585,8,28,0
1001,350,20,73,12,0,0,539,0,395.2926,395.2926,100,0,1135,0,1139,580,8,29,0
1001,350,20,42,70,0,0,428,0,389.86264,389.86264,100,0,1135,0,1134,589,8,30,0
1001,350,20,0,0,0,0,494,0,404.27982,404.27982,100,0,1135,0,1130,597,8,31,0
1001,700,20,73,150,0,0,770,0,720.72253,720.72253,100,0,1310,0,1304,579,8,32,0
1001,350,20,0,70,0,0,697,1,405.96634,405.96634,100,0,1135,0,1105,585,8,33,0
1001,700,20,0,70,0,0,642,0,719.81134,719.81134,100,0,1310,0,1315,574,8,34,0
1001,350,20,21,1,0,0,597,0,485.89505,485.89505,100,0,1135,0,1138,586,8,35,0
1001,700,20,73,1,0,0,712,0,743.20435,743.20435,100,0,1310,0,1314,585,8,36,0
1001,350,20,73,1,0,0,574,0,353.8943,353.8943,100,0,1135,0,1135,571,8,37,0
1001,350,20,21,12,0,0,600,0,368.0993,368.0993,100,0,1135,0,1139,562,8,38,0
1001,700,20,21,70,0,0,542,0,736.667,736.667,100,0,1310,0,1310,563,8,39,0
1001,700,20,21,1,0,0,625,0,762.1999,762.1999,100,0,1310,0,1316,576,9,0,0
1001,700,20,21,0,0,0,619,0,775.7471,775.7471,100,0,1310,0,1309,564,9,1,0
1001,350,20,21,70,0,0,561,0,369.4054,369.4054,100,0,1135,0,1136,538,9,2,0
1001,350,20,0,150,0,0,619,0,559.24524,559.24524,100,0,1135,0,1136,547,9,3,0
1001,350,20,42,70,0,0,469,0,409.93726,409.93726,100,0,1135,0,1141,544,9,4,0
1001,350,20,0,70,0,0,597,0,357.20712,357.20712,100,0,1135,0,1129,515,9,5,0
1001,700,20,73,12,0,0,683,0,862.5982,862.5982,100,0,1310,0,1312,538,9,6,0
1001,700,20,0,0,0,0,641,0,900.90967,900.90967,100,0,1310,0,1318,545,9,7,0
1001,350,20,73,70,0,0,478,0,404.8593,404.8593,100,0,1135,0,1141,544,9,8,0
1001,350,20,73,1,0,0,532,0,422.3706,422.3706,100,0,1135,0,1130,558,9,9,0
1001,700,20,73,1,0,0,487,0,736.1624,736.1624,100,0,1310,0,1317,534,9,10,0
1001,700,20,0,12,0,0,608,0,863.1729,863.1729,100,0,1310,0,1312,527,9,11,0
1001,700,20,21,150,0,0,660,0,754.87683,754.87683,100,0,1310,0,1307,571,9,12,0
1001,700,20,21,70,0,0,665,0,762.2767,762.2767,100,0,1310,0,1306,588,9,13,0
1001,700,20,73,70,0,0,494,0,748.2587,748.2587,100,0,1310,0,1315,576,9,14,0
1001,700,20,0,1,0,0,783,0,1114.6455,1114.6455,100,0,1310,0,1306,602,9,15,0
1001,350,20,0,0,0,0,928,0,681.04407,681.04407,100,0,1135,0,1130,619,9,16,0
1001,700,20,73,150,0,0,624,1,734.4995,734.4995,100,0,1310,0,1296,558,9,17,0
1001,350,20,0,12,0,0,669,0,492.33786,492.33786,100,0,1135,0,1130,580,9,18,0
1001,350,20,21,150,0,0,632,0,500.34607,500.34607,100,0,1135,0,1133,566,9,19,0
1001,350,20,73,12,0,0,698,0,648.3423,648.3423,100,0,1135,0,1131,580,9,20,0
1001,350,20,73,150,0,0,476,0,385.43307,385.43307,100,0,1135,0,1135,534,9,21,0
1001,350,20,42,150,0,0,556,0,369.32993,369.32993,100,0,1135,0,1128,535,9,22,0
1001,350,20,42,0,0,0,590,0,485.3086,485.3086,100,0,1135,0,1140,554,9,23,0
1001,700,20,73,0,0,0,741,0,809.77155,809.77155,100,0,1310,0,1310,583,9,24,0
1001,350,20,73,0,0,0,566,0,373.5203,373.5203,100,0,1135,0,1137,547,9,25,0
1001,700,20,0,70,0,0,607,0,711.5533,711.5533,100,0,1310,0,1303,555,9,26,0
1001,700,20,42,1,0,0,593,0,835.65607,835.65607,100,0,1310,0,1305,579,9,27,0
1001,350,20,21,0,0,0,508,0,382.57938,382.57938,100,0,1135,0,1136,558,9,28,0
1001,700,20,21,12,0,0,531,0,796.031,796.031,100,0,1310,0,1311,560,9,29,0
1001,700,20,0,150,0,0,537,0,713.40906,713.40906,100,0,1310,0,1302,576,9,30,0
1001,350,20,0,1,0,0,527,0,437.6087,437.6087,100,0,1135,0,1127,591,9,31,0
1001,700,20,42,70,0,0,556,0,878.39355,878.39355,100,0,1310,0,1306,579,9,32,0
1001,700,20,42,0,0,0,649,0,748.6062,748.6062,100,0,1310,0,1311,583,9,33,0
1001,350,20,21,1,0,0,450,0,386.55438,386.55438,100,0,1135,0,1132,601,9,34,0
1001,350,20,42,1,0,0,526,0,395.18094,395.18094,100,0,1135,0,1134,610,9,35,0
1001,700,20,42,150,0,0,682,0,825.03674,825.03674,100,0,1310,0,1315,630,9,36,0
1001,350,20,42,12,0,0,717,0,545.04785,545.04785,100,0,1135,0,1126,655,9,37,0
1001,350,20,21,12,0,0,572,0,501.99838,501.99838,100,0,1135,0,1135,650,9,38,0
1001,700,20,42,12,0,0,618,0,802.7195,802.7195,100,0,1310,0,1307,666,9,39,0
1001,700,20,42,70,0,0,645,0,824.1646,824.1646,100,0,1310,0,1311,692,10,0,0
1001,700,20,21,1,0,0,472,1,733.9905,733.9905,100,0,1310,0,1321,709,10,1,0
1001,350,20,21,70,0,0,489,0,526.94806,526.94806,100,0,1135,0,1136,738,10,2,0
1001,700,20,21,150,0,0,614,0,879.1701,879.1701,100,0,1310,0,1310,729,10,3,0
1001,350,20,42,70,0,0,440,0,416.53925,416.53925,100,0,1135,0,1137,721,10,4,0
1001,350,20,21,12,0,0,604,0,423.2357,423.2357,100,0,1135,0,1128,730,10,5,0
1001,350,20,0,1,0,0,462,0,404.75494,404.75494,100,0,1135,0,1137,733,10,6,0
1001,350,20,0,0,0,0,511,0,447.26834,447.26834,100,0,1135,0,1127,744,10,7,0
1001,700,20,42,1,0,0,686,0,759.07587,759.07587,100,0,1310,0,1303,709,10,8,0
1001,700,20,0,150,0,0,713,0,726.3193,726.3193,100,0,1310,0,1311,665,10,9,0
1001,350,20,21,0,0,0,577,0,367.97116,367.97116,100,0,1135,0,1142,671,10,10,0
1001,700,20,73,12,0,0,596,0,736.8378,736.8378,100,0,1310,0,1312,681,10,11,0
1001,700,20,42,12,0,0,560,0,733.4061,733.4061,100,0,1310,0,1310,690,10,12,0
1001,700,20,0,12,0,0,701,0,804.1783,804.1783,100,0,1310,0,1309,709,10,13,0
1001,350,20,73,1,0,0,492,0,418.25003,418.25003,100,0,1135,0,1128,712,10,14,0
1001,350,20,0,70,0,0,679,0,368.2285,368.2285,100,0,1135,0,1135,704,10,15,0
1001,350,20,42,0,0,0,470,0,352.5249,352.5249,100,0,1135,0,1127,701,10,16,0
1001,350,20,0,12,0,0,523,0,364.45038,364.45038,100,0,1135,0,1131,703,10,17,0
1001,350,20,73,150,0,0,427,0,358.64377,358.64377,100,0,1135,0,1135,706,10,18,0
1001,350,20,73,12,0,0,425,0,369.16666,369.16666,100,0,1135,0,1139,719,10,19,0
1001,700,20,73,1,0,0,490,0,721.5242,721.5242,100,0,1310,0,1315,704,10,20,0
1001,700,20,42,150,0,0,482,0,732.11145,732.11145,100,0,1310,0,1312,700,10,21,0
1001,700,20,21,70,0,0,666,0,833.8376,833.8376,100,0,1310,0,1314,693,10,22,0
1001,350,20,73,0,0,0,514,1,461.49612,461.49612,100,0,1135,0,1122,695,10,23,0
1001,700,20,21,12,0,0,571,1,916.8472,916.8472,100,0,1310,0,1299,663,10,24,0
1001,700,20,73,70,0,0,763,0,738.71533,738.71533,100,0,1310,0,1309,573,10,25,0
1001,700,20,42,0,0,0,576,0,780.54846,780.54846,100,0,1310,0,1313,593,10,26,0
1001,350,20,21,1,0,0,540,0,377.20685,377.20685,100,0,1135,0,1133,608,10,27,0
1001,350,20,42,1,0,0,450,0,403.50772,403.50772,100,0,1135,0,1139,623,10,28,0
1001,700,20,73,0,0,0,542,0,789.3717,789.3717,100,0,1310,0,1311,649,10,29,0
1001,350,20,21,150,0,0,530,1,384.61023,384.61023,100,0,1135,0,1124,647,10,30,0
1001,700,20,0,1,0,0,515,0,749.67377,749.67377,100,0,1310,0,1311,659,10,31,0
1001,700,20,0,70,0,0,864,0,1020.1951,1020.1951,100,0,1310,0,1310,689,10,32,0
1001,350,20,73,70,0,0,484,0,478.6471,478.6471,100,0,1135,0,1135,688,10,33,0
1001,700,20,0,0,0,0,746,0,790.3632,790.3632,100,0,1310,0,1302,678,10,34,0
1001,350,20,0,150,0,0,740,0,494.51807,494.51807,100,0,1135,0,1133,675,10,35,0
1001,700,20,73,150,0,0,661,0,703.37024,703.37024,100,0,1310,0,1302,640,10,36,0
1001,700,20,21,0,0,0,577,0,767.0796,767.0796,100,0,1310,0,1314,654,10,37,0
1001,350,20,42,150,0,0,438,0,442.5352,442.5352,100,0,1135,0,1137,668,10,38,0
1001,350,20,42,12,0,0,549,0,426.5234,426.5234,100,0,1135,0,1138,653,10,39,0
1001,350,20,73,70,1,0,634,0,490.6122,490.6122,100,0,1135,0,1136,593,11,0,1
1001,700,20,73,0,1,0,725,0,916.952,916.952,100,0,1310,0,1302,597,11,1,1
1001,350,20,42,12,1,0,519,0,428.04446,428.04446,100,0,1135,0,1138,589,11,2,1
1001,700,20,42,70,1,0,614,0,884.3891,884.3891,100,0,1310,0,1309,598,11,3,1
1001,350,20,73,1,1,0,542,0,402.11383,402.11383,100,0,1135,0,1139,599,11,4,1
1001,350,20,0,12,1,0,548,0,416.09732,416.09732,100,0,1135,0,1129,599,11,5,1
1001,350,20,42,1,1,0,464,0,375.6265,375.6265,100,0,1135,0,1128,607,11,6,1
1001,350,20,73,150,1,0,490,0,376.5567,376.5567,100,0,1135,0,1138,613,11,7,1
1001,350,20,0,150,1,0,597,0,399.25543,399.25543,100,0,1135,0,1139,631,11,8,1
1001,700,20,21,12,1,0,732,0,928.6456,928.6456,100,0,1310,0,1308,631,11,9,1
1001,700,20,73,70,1,0,544,0,717.4165,717.4165,100,0,1310,0,1309,604,11,10,1
1001,700,20,21,150,1,0,605,0,723.38824,723.38824,100,0,1310,0,1305,598,11,11,1
1001,700,20,0,0,1,0,462,0,713.713,713.713,100,0,1310,0,1311,595,11,12,1
1001,700,20,42,150,1,0,793,0,901.20605,901.20605,100,0,1310,0,1312,621,11,13,1
1001,700,20,73,1,1,0,817,0,742.82587,742.82587,100,0,1310,0,1313,633,11,14,1
1001,700,20,73,12,1,0,618,0,751.639,751.639,100,0,1310,0,1312,632,11,15,1
1001,700,20,42,1,1,0,494,0,710.9118,710.9118,100,0,1310,0,1308,626,11,16,1
1001,350,20,21,1,1,0,629,0,574.6022,574.6022,100,0,1135,0,1134,652,11,17,1
1001,700,20,0,150,1,0,952,0,854.15674,854.15674,100,0,1310,0,1301,665,11,18,1
1001,700,20,42,0,1,0,712,0,804.545,804.545,100,0,1310,0,1307,665,11,19,1
1001,350,20,0,1,1,0,549,0,467.64465,467.64465,100,0,1135,0,1136,706,11,20,1
1001,350,20,42,0,1,0,543,0,491.63522,491.63522,100,0,1135,0,1131,685,11,21,1
1001,700,20,42,12,1,0,600,0,707.16315,707.16315,100,0,1310,0,1303,679,11,22,1
1001,700,20,73,150,1,0,770,0,845.75903,845.75903,100,0,1310,0,1309,700,11,23,1
1001,350,20,21,12,1,0,449,0,363.35437,363.35437,100,0,1135,0,1137,666,11,24,1
1001,700,20,21,70,1,0,671,0,721.6518,721.6518,100,0,1310,0,1308,675,11,25,1
1001,350,20,21,0,1,0,433,0,391.8448,391.8448,100,0,1135,0,1140,657,11,26,1
1001,700,20,21,1,1,0,555,1,776.15186,776.15186,100,0,1310,0,1322,660,11,27,1
1001,350,20,0,70,1,0,480,0,390.7894,390.7894,100,0,1135,0,1133,670,11,28,1
1001,350,20,73,0,1,0,418,0,394.7947,394.7947,100,0,1135,0,1129,659,11,29,1
1001,700,20,0,12,1,0,1124,0,1137.3394,1137.3394,100,0,1310,0,1309,675,11,30,1
1001,700,20,0,70,1,0,728,0,764.3427,764.3427,100,0,1310,0,1308,690,11,31,1
1001,700,20,21,0,1,0,455,0,731.2089,731.2089,100,0,1310,0,1312,691,11,32,1
1001,350,20,42,150,1,0,568,0,426.12952,426.12952,100,0,1135,0,1131,678,11,33,1
1001,350,20,21,150,1,0,503,0,408.3301,408.3301,100,0,1135,0,1131,670,11,34,1
1001,350,20,42,70,1,0,440,0,423.82162,423.82162,100,0,1135,0,1127,667,11,35,1
1001,350,20,0,0,1,0,623,0,484.4931,484.4931,100,0,1135,0,1138,671,11,36,1
1001,700,20,0,1,1,0,759,0,943.3492,943.3492,100,0,1310,0,1306,697,11,37,1
1001,350,20,21,70,1,0,467,0,357.5096,357.5096,100,0,1135,0,1133,677,11,38,1
1001,350,20,73,12,1,0,490,0,374.6556,374.6556,100,0,1135,0,1140,678,11,39,1
1001,700,20,42,70,1,0,744,0,730.47345,730.47345,100,0,1310,0,1308,633,12,0,0
1001,700,20,0,150,1,0,875,0,748.5759,748.5759,100,0,1310,0,1312,686,12,1,0
1001,350,20,42,12,1,0,471,0,361.07843,361.07843,100,0,1135,0,1127,672,12,2,0
1001,350,20,0,12,1,0,534,0,362.26144,362.26144,100,0,1135,0,1136,683,12,3,0
1001,350,20,42,70,1,0,487,1,367.5664,367.5664,100,0,1135,0,1124,695,12,4,0
1001,700,20,42,12,1,0,558,0,717.21234,717.21234,100,0,1310,0,1307,686,12,5,0
1001,700,20,21,70,1,0,653,0,731.9917,731.9917,100,0,1310,0,1308,683,12,6,0
1001,700,20,42,0,1,0,474,0,722.3462,722.3462,100,0,1310,0,1318,665,12,7,0
1001,700,20,73,1,1,0,622,0,701.2455,701.2455,100,0,1310,0,1301,644,12,8,0
1001,350,20,42,0,1,0,446,0,365.87686,365.87686,100,0,1135,0,1135,637,12,9,0
1001,350,20,0,1,1,0,562,0,427.582,427.582,100,0,1135,0,1132,657,12,10,0
1001,700,20,21,0,1,0,657,0,721.4197,721.4197,100,0,1310,0,1310,644,12,11,0
1001,350,20,0,0,1,0,719,0,430.26913,430.26913,100,0,1135,0,1131,640,12,12,0
1001,350,20,21,12,1,0,503,0,364.09348,364.09348,100,0,1135,0,1136,631,12,13,0
1001,700,20,42,150,1,0,671,0,876.45404,876.45404,100,0,1310,0,1304,653,12,14,0
1001,700,20,73,12,1,0,903,0,725.8141,725.8141,100,0,1310,0,1313,656,12,15,0
1001,700,20,21,150,1,0,697,0,831.7278,831.7278,100,0,1310,0,1313,681,12,16,0
1001,350,20,21,70,1,0,532,0,363.07037,363.07037,100,0,1135,0,1136,681,12,17,0
1001,700,20,73,70,1,0,653,0,728.6743,728.6743,100,0,1310,0,1310,676,12,18,0
1001,700,20,42,1,1,0,572,0,739.3558,739.3558,100,0,1310,0,1304,687,12,19,0
1001,350,20,73,150,1,0,581,0,409.84937,409.84937,100,0,1135,0,1137,723,12,20,0
1001,700,20,0,70,1,0,648,0,755.6049,755.6049,100,0,1310,0,1316,732,12,21,0
1001,350,20,73,0,1,0,525,0,397.86032,397.86032,100,0,1135,0,1131,730,12,22,0
1001,350,20,21,1,1,0,616,0,363.63898,363.63898,100,0,1135,0,1133,726,12,23,0
1001,700,20,0,1,1,0,670,0,793.5087,793.5087,100,0,1310,0,1314,712,12,24,0
1001,700,20,21,12,1,0,636,0,784.9694,784.9694,100,0,1310,0,1317,710,12,25,0
1001,350,20,73,12,1,0,568,0,370.9867,370.9867,100,0,1135,0,1139,703,12,26,0
1001,700,20,0,0,1,0,625,0,710.3445,710.3445,100,0,1310,0,1302,696,12,27,0
1001,350,20,42,1,1,0,595,0,374.237,374.237,100,0,1135,0,1141,685,12,28,0
1001,350,20,0,150,1,0,571,0,452.30225,452.30225,100,0,1135,0,1136,697,12,29,0
1001,350,20,21,0,1,0,434,0,374.50565,374.50565,100,0,1135,0,1135,685,12,30,0
1001,700,20,73,150,1,0,545,0,703.17865,703.17865,100,0,1310,0,1313,695,12,31,0
1001,700,20,21,1,1,0,600,1,747.20636,747.20636,100,0,1310,0,1325,690,12,32,0
1001,350,20,42,150,1,0,527,0,372.8378,372.8378,100,0,1135,0,1140,698,12,33,0
1001,350,20,21,150,1,0,492,0,383.04742,383.04742,100,0,1135,0,1133,688,12,34,0
1001,700,20,73,0,1,0,590,0,757.27686,757.27686,100,0,1310,0,1301,684,12,35,0
1001,350,20,73,70,1,0,610,0,369.4516,369.4516,100,0,1135,0,1128,690,12,36,0
1001,350,20,0,70,1,0,565,0,489.6127,489.6127,100,0,1135,0,1138,687,12,37,0
1001,350,20,73,1,1,0,575,1,342.96292,342.96292,100,0,1135,0,1116,678,12,38,0
1001,700,20,0,12,1,0,837,0,957.9495,957.9495,100,0,1310,0,1313,666,12,39,0
1001,350,20,21,0,1,0,483,0,430.6828,430.6828,100,0,1135,0,1128,745,13,0,0
1001,350,20,42,0,1,0,478,0,445.54358,445.54358,100,0,1135,0,1137,766,13,1,0
1001,700,20,73,150,1,0,718,0,753.552,753.552,100,0,1310,0,1308,784,13,2,0
1001,700,20,42,12,1,0,531,0,761.42883,761.42883,100,0,1310,0,1310,780,13,3,0
1001,700,20,0,0,1,0,472,0,725.71655,725.71655,100,0,1310,0,1312,763,13,4,0
1001,350,20,73,12,1,0,481,0,380.57394,380.57394,100,0,1135,0,1139,777,13,5,0
1001,350,20,21,70,1,0,565,0,471.1183,471.1183,100,0,1135,0,1141,789,13,6,0
1001,350,20,21,12,1,0,550,0,490.07486,490.07486,100,0,1135,0,1131,805,13,7,0
1001,350,20,0,0,1,0,518,0,430.4831,430.4831,100,0,1135,0,1136,792,13,8,0
1001,350,20,21,150,1,0,495,0,384.58707,384.58707,100,0,1135,0,1130,796,13,9,0
1001,700,20,73,12,1,0,549,1,730.09155,730.09155,100,0,1310,0,1320,779,13,10,0
1001,700,20,21,0,1,0,540,0,770.7131,770.7131,100,0,1310,0,1313,811,13,11,0
1001,700,20,0,70,1,0,655,0,726.332,726.332,100,0,1310,0,1314,819,13,12,0
1001,350,20,0,1,1,0,512,0,436.19705,436.19705,100,0,1135,0,1129,823,13,13,0
1001,700,20,42,0,1,0,657,1,736.0206,736.0206,100,0,1310,0,1296,797,13,14,0
1001,700,20,73,1,1,0,568,0,750.1137,750.1137,100,0,1310,0,1318,760,13,15,0
1001,700,20,42,150,1,0,836,0,1042.4728,1042.4728,100,0,1310,0,1309,742,13,16,0
1001,700,20,0,150,1,0,689,0,984.1109,984.1109,100,0,1310,0,1308,783,13,17,0
1001,700,20,73,0,1,0,594,1,746.33356,746.33356,100,0,1310,0,1298,752,13,18,0
1001,350,20,73,70,1,0,539,0,506.37982,506.37982,100,0,1135,0,1142,783,13,19,0
1001,350,20,21,1,1,0,543,0,382.36807,382.36807,100,0,1135,0,1138,785,13,20,0
1001,350,20,42,1,1,0,581,0,572.32776,572.32776,100,0,1135,0,1132,774,13,21,0
1001,350,20,0,12,1,0,492,0,382.0453,382.0453,100,0,1135,0,1131,748,13,22,0
1001,350,20,42,70,1,0,520,0,469.05258,469.05258,100,0,1135,0,1140,762,13,23,0
1001,350,20,73,1,1,0,510,0,408.55087,408.55087,100,0,1135,0,1143,758,13,24,0
1001,700,20,42,1,1,0,601,0,781.6351,781.6351,100,0,1310,0,1312,768,13,25,0
1001,700,20,21,150,1,0,694,0,756.3696,756.3696,100,0,1310,0,1309,725,13,26,0
1001,350,20,42,150,1,0,673,0,547.57336,547.57336,100,0,1135,0,1138,714,13,27,0
1001,700,20,21,70,1,0,728,0,812.5966,812.5966,100,0,1310,0,1304,710,13,28,0
1001,350,20,73,150,1,0,740,0,383.6282,383.6282,100,0,1135,0,1128,738,13,29,0
1001,700,20,0,12,1,0,887,0,978.2801,978.2801,100,0,1310,0,1305,756,13,30,0
1001,350,20,0,150,1,0,577,0,515.6376,515.6376,100,0,1135,0,1134,758,13,31,0
1001,700,20,42,70,1,0,481,0,743.24835,743.24835,100,0,1310,0,1310,756,13,32,0
1001,700,20,73,70,1,0,626,0,928.2893,928.2893,100,0,1310,0,1309,772,13,33,0
1001,700,20,21,1,1,0,579,0,776.7359,776.7359,100,0,1310,0,1314,702,13,34,0
1001,350,20,73,0,1,0,585,0,438.20816,438.20816,100,0,1135,0,1129,712,13,35,0
1001,700,20,21,12,1,0,662,0,843.55804,843.55804,100,0,1310,0,1302,744,13,36,0
1001,350,20,42,12,1,0,561,0,470.39487,470.39487,100,0,1135,0,1139,731,13,37,0
1001,350,20,0,70,1,0,572,0,398.52524,398.52524,100,0,1135,0,1135,725,13,38,0
1001,700,20,0,1,1,0,713,0,793.8952,793.8952,100,0,1310,0,1315,729,13,39,0
1001,350,20,0,70,1,0,572,0,424.44336,424.44336,100,0,1135,0,1136,731,14,0,0
1001,700,20,42,12,1,0,559,0,833.4341,833.4341,100,0,1310,0,1305,735,14,1,0
1001,700,20,21,1,1,0,566,0,736.1015,736.1015,100,0,1310,0,1308,810,14,2,0
1001,700,20,21,12,1,0,568,0,778.97217,778.97217,100,0,1310,0,1313,824,14,3,0
1001,350,20,42,150,1,0,552,0,455.17328,455.17328,100,0,1135,0,1133,801,14,4,0
1001,700,20,21,70,1,0,622,0,752.4656,752.4656,100,0,1310,0,1306,785,14,5,0
1001,350,20,42,1,1,0,518,0,425.9026,425.9026,100,0,1135,0,1136,766,14,6,0
1001,700,20,21,150,1,0,567,0,825.1911,825.1911,100,0,1310,0,1312,785,14,7,0
1001,700,20,21,0,1,0,496,0,755.1952,755.1952,100,0,1310,0,1303,741,14,8,0
1001,350,20,42,0,1,0,540,0,564.1503,564.1503,100,0,1135,0,1130,713,14,9,0
1001,350,20,0,1,1,0,552,0,447.00824,447.00824,100,0,1135,0,1134,705,14,10,0
1001,700,20,0,12,1,0,706,0,923.2624,923.2624,100,0,1310,0,1309,713,14,11,0
1001,350,20,42,70,1,0,449,0,403.05756,403.05756,100,0,1135,0,1135,689,14,12,0
1001,350,20,21,1,1,0,586,0,472.678,472.678,100,0,1135,0,1136,683,14,13,0
1001,350,20,0,0,1,0,497,0,405.78677,405.78677,100,0,1135,0,1131,695,14,14,0
1001,350,20,73,0,1,0,631,0,422.4723,422.4723,100,0,1135,0,1137,707,14,15,0
1001,700,20,0,1,1,0,583,0,775.4285,775.4285,100,0,1310,0,1303,715,14,16,0
1001,700,20,42,70,1,0,647,0,742.0555,742.0555,100,0,1310,0,1302,707,14,17,0
1001,350,20,21,70,1,0,442,0,381.8265,381.8265,100,0,1135,0,1130,702,14,18,0
1001,700,20,42,150,1,0,585,0,799.93756,799.93756,100,0,1310,0,1306,719,14,19,0
1001,700,20,73,150,1,0,628,0,756.8913,756.8913,100,0,1310,0,1311,701,14,20,0
1001,700,20,73,12,1,0,522,1,794.80695,794.80695,100,0,1310,0,1323,710,14,21,0
1001,700,20,42,0,1,0,444,0,726.9978,726.9978,100,0,1310,0,1312,685,14,22,0
1001,350,20,73,70,1,0,536,1,470.26376,470.26376,100,0,1135,0,1147,682,14,23,0
1001,700,20,73,1,1,0,555,0,744.25006,744.25006,100,0,1310,0,1309,665,14,24,0
1001,350,20,42,12,1,0,426,0,385.30722,385.30722,100,0,1135,0,1132,658,14,25,0
1001,700,20,73,0,1,0,576,0,786.1607,786.1607,100,0,1310,0,1308,663,14,26,0
1001,350,20,73,150,1,0,584,0,523.98804,523.98804,100,0,1135,0,1142,653,14,27,0
1001,350,20,0,150,1,0,465,0,400.8657,400.8657,100,0,1135,0,1133,627,14,28,0
1001,350,20,21,12,1,0,576,0,472.46228,472.46228,100,0,1135,0,1132,634,14,29,0
1001,700,20,0,0,1,0,535,0,875.6652,875.6652,100,0,1310,0,1312,630,14,30,0
1001,350,20,73,1,1,0,665,0,413.34207,413.34207,100,0,1135,0,1128,655,14,31,0
1001,700,20,0,70,1,0,778,0,799.55676,799.55676,100,0,1310,0,1315,670,14,32,0
1001,350,20,73,12,1,0,556,0,378.5856,378.5856,100,0,1135,0,1143,663,14,33,0
1001,350,20,21,150,1,0,672,0,502.08414,502.08414,100,0,1135,0,1130,665,14,34,0
1001,350,20,0,12,1,0,652,0,403.21365,403.21365,100,0,1135,0,1141,657,14,35,0
1001,700,20,73,70,1,0,715,0,835.5656,835.5656,100,0,1310,0,1309,660,14,36,0
1001,700,20,42,1,1,0,560,0,738.409,738.409,100,0,1310,0,1319,658,14,37,0
1001,350,20,21,0,1,0,615,0,579.71423,579.71423,100,0,1135,0,1137,672,14,38,0
1001,700,20,0,150,1,0,673,0,854.24994,854.24994,100,0,1310,0,1306,659,14,39,0
1001,350,20,21,1,1,0,573,0,394.61517,394.61517,100,0,1135,0,1130,653,15,0,0
1001,350,20,42,12,1,0,566,0,472.80124,472.80124,100,0,1135,0,1132,652,15,1,0
1001,350,20,73,0,1,0,441,0,366.825,366.825,100,0,1135,0,1136,658,15,2,0
1001,350,20,73,150,1,0,452,0,402.03845,402.03845,100,0,1135,0,1142,660,15,3,0
1001,350,20,0,70,1,0,604,0,509.21423,509.21423,100,0,1135,0,1133,674,15,4,0
1001,700,20,42,150,1,0,651,0,1035.8987,1035.8987,100,0,1310,0,1308,660,15,5,0
1001,700,20,42,0,1,0,614,0,923.3428,923.3428,100,0,1310,0,1312,693,15,6,0
1001,700,20,21,1,1,0,619,0,799.3986,799.3986,100,0,1310,0,1300,687,15,7,0
1001,350,20,21,70,1,0,518,0,539.1284,539.1284,100,0,1135,0,1133,697,15,8,0
1001,350,20,21,12,1,0,638,0,555.24133,555.24133,100,0,1135,0,1129,709,15,9,0
1001,350,20,21,150,1,0,781,0,379.29126,379.29126,100,0,1135,0,1134,662,15,10,0
1001,700,20,73,70,1,0,570,0,744.114,744.114,100,0,1310,0,1310,683,15,11,0
1001,350,20,42,1,1,0,624,0,532.932,532.932,100,0,1135,0,1135,715,15,12,0
1001,700,20,73,150,1,0,502,0,746.867,746.867,100,0,1310,0,1314,693,15,13,0
1001,350,20,0,1,1,0,632,0,381.04105,381.04105,100,0,1135,0,1144,667,15,14,0
1001,350,20,42,150,1,0,604,0,552.4777,552.4777,100,0,1135,0,1135,674,15,15,0
1001,700,20,21,0,1,0,566,0,804.88446,804.88446,100,0,1310,0,1312,689,15,16,0
1001,700,20,21,12,1,0,684,0,880.2182,880.2182,100,0,1310,0,1313,706,15,17,0
1001,350,20,73,12,1,0,533,0,373.18594,373.18594,100,0,1135,0,1131,692,15,18,0
1001,350,20,21,0,1,0,441,0,449.6606,449.6606,100,0,1135,0,1137,695,15,19,0
1001,350,20,42,70,1,0,555,0,499.74768,499.74768,100,0,1135,0,1130,681,15,20,0
1001,700,20,0,150,1,0,858,0,1013.27094,1013.27094,100,0,1310,0,1311,691,15,21,0
1001,350,20,73,70,1,0,448,0,437.10934,437.10934,100,0,1135,0,1133,674,15,22,0
1001,700,20,0,0,1,0,592,1,729.55115,729.55115,100,0,1310,0,1297,654,15,23,0
1001,700,20,73,0,1,0,724,0,909.4047,909.4047,100,0,1310,0,1305,680,15,24,0
1001,350,20,0,150,1,0,603,0,507.66016,507.66016,100,0,1135,0,1141,657,15,25,0
1001,700,20,0,70,1,0,605,0,884.70746,884.70746,100,0,1310,0,1310,660,15,26,0
1001,700,20,21,70,1,0,586,0,794.11365,794.11365,100,0,1310,0,1302,574,15,27,0
1001,700,20,73,12,1,0,718,0,786.49634,786.49634,100,0,1310,0,1308,593,15,28,0
1001,700,20,0,1,1,0,492,0,791.45807,791.45807,100,0,1310,0,1310,653,15,29,0
1001,350,20,42,0,1,0,590,0,451.9908,451.9908,100,0,1135,0,1130,679,15,30,0
1001,700,20,0,12,1,0,580,0,786.3507,786.3507,100,0,1310,0,1317,683,15,31,0
1001,350,20,0,12,1,0,599,0,550.1951,550.1951,100,0,1135,0,1136,674,15,32,0
1001,350,20,0,0,1,0,659,0,577.6356,577.6356,100,0,1135,0,1131,654,15,33,0
1001,700,20,73,1,1,0,687,0,807.2435,807.2435,100,0,1310,0,1301,645,15,34,0
1001,700,20,42,12,1,0,598,1,847.6631,847.6631,100,0,1310,0,1321,669,15,35,0
1001,700,20,42,1,1,0,545,0,728.7697,728.7697,100,0,1310,0,1311,661,15,36,0
1001,700,20,21,150,1,0,560,0,783.9633,783.9633,100,0,1310,0,1305,667,15,37,0
1001,350,20,73,1,1,0,434,0,388.27948,388.27948,100,0,1135,0,1139,652,15,38,0
1001,700,20,42,70,1,0,626,0,757.6502,757.6502,100,0,1310,0,1304,695,15,39,0
1001,350,20,42,1,1,0,558,0,502.5841,502.5841,100,0,1135,0,1126,721,16,0,0
1001,700,20,0,70,1,0,610,0,821.70966,821.70966,100,0,1310,0,1309,734,16,1,0
1001,350,20,42,150,1,0,467,0,468.354,468.354,100,0,1135,0,1138,733,16,2,0
1001,350,20,21,70,1,0,536,0,445.27216,445.27216,100,0,1135,0,1140,743,16,3,0
1001,350,20,42,70,1,0,558,0,409.5649,409.5649,100,0,1135,0,1126,733,16,4,0
1001,350,20,73,12,1,0,553,0,367.72845,367.72845,100,0,1135,0,1138,733,16,5,0
1001,350,20,0,12,1,0,654,0,533.9412,533.9412,100,0,1135,0,1130,739,16,6,0
1001,350,20,73,1,1,0,725,0,378.44885,378.44885,100,0,1135,0,1131,697,16,7,0
1001,350,20,0,70,1,0,726,0,407.6615,407.6615,100,0,1135,0,1135,684,16,8,0
1001,700,20,21,70,1,0,804,0,1063.5874,1063.5874,100,0,1310,0,1311,679,16,9,0
1001,700,20,21,150,1,0,588,1,794.0918,794.0918,100,0,1310,0,1321,695,16,10,0
1001,350,20,42,0,1,0,524,0,519.9256,519.9256,100,0,1135,0,1143,726,16,11,0
1001,700,20,73,150,1,0,659,1,794.51373,794.51373,100,0,1310,0,1299,692,16,12,0
1001,350,20,0,0,1,0,461,0,410.22705,410.22705,100,0,1135,0,1139,693,16,13,0
1001,350,20,21,12,1,0,584,0,467.51727,467.51727,100,0,1135,0,1140,680,16,14,0
1001,700,20,73,12,1,0,490,0,782.6764,782.6764,100,0,1310,0,1315,677,16,15,0
1001,350,20,42,12,1,0,556,0,403.8372,403.8372,100,0,1135,0,1143,661,16,16,0
1001,700,20,42,1,1,0,603,1,751.597,751.597,100,0,1310,0,1299,661,16,17,0
1001,350,20,73,70,1,0,600,0,545.2725,545.2725,100,0,1135,0,1135,665,16,18,0
1001,350,20,73,0,1,0,497,0,467.04068,467.04068,100,0,1135,0,1140,737,16,19,0
1001,700,20,0,1,1,0,704,0,1040.4928,1040.4928,100,0,1310,0,1308,775,16,20,0
1001,350,20,73,150,1,0,585,0,588.1339,588.1339,100,0,1135,0,1134,757,16,21,0
1001,700,20,42,12,1,0,628,0,755.84656,755.84656,100,0,1310,0,1313,687,16,22,0
1001,700,20,42,70,1,0,648,0,819.9822,819.9822,100,0,1310,0,1303,793,16,23,0
1001,350,20,0,1,1,0,571,0,552.18506,552.18506,100,0,1135,0,1136,825,16,24,0
1001,700,20,0,0,1,0,568,0,805.5316,805.5316,100,0,1310,0,1306,805,16,25,0
1001,350,20,21,1,1,0,433,0,432.61017,432.61017,100,0,1135,0,1140,796,16,26,0
1001,700,20,21,0,1,0,570,1,861.4048,861.4048,100,0,1310,0,1296,811,16,27,0
1001,700,20,0,150,1,0,971,0,863.17505,863.17505,100,0,1310,0,1314,815,16,28,0
1001,350,20,0,150,1,0,565,0,449.70865,449.70865,100,0,1135,0,1140,791,16,29,0
1001,700,20,21,1,1,0,547,0,783.1281,783.1281,100,0,1310,0,1306,810,16,30,0
1001,350,20,21,150,1,0,818,0,529.01904,529.01904,100,0,1135,0,1132,812,16,31,0
1001,700,20,73,1,1,0,542,0,799.56036,799.56036,100,0,1310,0,1318,831,16,32,0
1001,700,20,21,12,1,0,649,1,900.60474,900.60474,100,0,1310,0,1322,802,16,33,0
1001,350,20,21,0,1,0,533,0,410.10568,410.10568,100,0,1135,0,1135,791,16,34,0
1001,700,20,42,0,1,0,645,0,725.1418,725.1418,100,0,1310,0,1308,752,16,35,0
1001,700,20,0,12,1,0,603,0,734.8624,734.8624,100,0,1310,0,1307,776,16,36,0
1001,700,20,42,150,1,0,572,0,812.7821,812.7821,100,0,1310,0,1315,800,16,37,0
1001,700,20,73,70,1,0,601,0,733.51685,733.51685,100,0,1310,0,1306,788,16,38,0
1001,700,20,73,0,1,0,654,0,769.7661,769.7661,100,0,1310,0,1308,790,16,39,0
1001,350,20,21,1,1,0,620,0,402.1604,402.1604,100,0,1135,0,1138,789,17,0,0
1001,700,20,21,70,1,0,778,0,838.1884,838.1884,100,0,1310,0,1311,814,17,1,0
1001,700,20,42,12,1,0,540,0,727.3727,727.3727,100,0,1310,0,1317,820,17,2,0
1001,350,20,0,70,1,0,534,0,373.8316,373.8316,100,0,1135,0,1129,827,17,3,0
1001,700,20,0,12,1,0,613,0,870.632,870.632,100,0,1310,0,1313,861,17,4,0
1001,700,20,73,0,1,0,462,0,780.5254,780.5254,100,0,1310,0,1309,852,17,5,0
1001,700,20,0,1,1,0,601,0,1021.37036,1021.37036,100,0,1310,0,1307,871,17,6,0
1001,350,20,42,1,1,0,462,0,485.61673,485.61673,100,0,1135,0,1138,892,17,7,0
1001,350,20,42,70,1,0,591,0,382.10254,382.10254,100,0,1135,0,1126,874,17,8,0
1001,350,20,0,1,1,0,571,0,485.62292,485.62292,100,0,1135,0,1136,896,17,9,0
1001,700,20,73,12,1,0,508,0,824.24384,824.24384,100,0,1310,0,1310,901,17,10,0
1001,700,20,73,70,1,0,711,0,764.1654,764.1654,100,0,1310,0,1309,844,17,11,0
1001,700,20,73,1,1,0,575,0,823.5898,823.5898,100,0,1310,0,1309,960,17,12,0
1001,350,20,42,12,1,0,645,0,499.82776,499.82776,100,0,1135,0,1133,955,17,13,0
1001,350,20,73,1,1,0,457,0,402.4872,402.4872,100,0,1135,0,1128,916,17,14,0
1001,700,20,42,70,1,0,633,0,932.80176,932.80176,100,0,1310,0,1313,919,17,15,0
1001,700,20,21,1,1,0,574,0,770.36096,770.36096,100,0,1310,0,1302,893,17,16,0
1001,350,20,73,150,1,0,479,0,470.9282,470.9282,100,0,1135,0,1138,907,17,17,0
1001,350,20,21,12,1,0,497,0,472.67255,472.67255,100,0,1135,0,1137,909,17,18,0
1001,700,20,73,150,1,0,599,0,889.6258,889.6258,100,0,1310,0,1315,900,17,19,0
1001,700,20,21,0,1,0,587,0,819.142,819.142,100,0,1310,0,1314,864,17,20,0
1001,350,20,42,150,1,0,685,0,626.0339,626.0339,100,0,1135,0,1135,876,17,21,0
1001,700,20,42,1,1,0,579,0,807.064,807.064,100,0,1310,0,1307,863,17,22,0
1001,700,20,0,0,1,0,612,0,822.4529,822.4529,100,0,1310,0,1302,885,17,23,0
1001,700,20,21,12,1,0,667,0,961.44275,961.44275,100,0,1310,0,1312,921,17,24,0
1001,350,20,0,12,1,0,483,0,401.1381,401.1381,100,0,1135,0,1136,913,17,25,0
1001,350,20,0,150,1,0,625,0,560.8003,560.8003,100,0,1135,0,1130,910,17,26,0
1001,350,20,73,12,1,0,614,0,468.72687,468.72687,100,0,1135,0,1135,906,17,27,0
1001,350,20,21,70,1,0,711,0,531.70056,531.70056,100,0,1135,0,1132,907,17,28,0
1001,700,20,0,150,1,0,773,0,1038.4354,1038.4354,100,0,1310,0,1311,915,17,29,0
1001,350,20,73,0,1,0,465,0,393.57553,393.57553,100,0,1135,0,1141,914,17,30,0
1001,350,20,21,150,1,0,451,0,379.01117,379.01117,100,0,1135,0,1134,915,17,31,0
1001,350,20,21,0,1,0,637,0,441.69147,441.69147,100,0,1135,0,1137,922,17,32,0
1001,700,20,0,70,1,0,621,0,892.14966,892.14966,100,0,1310,0,1305,940,17,33,0
1001,350,20,73,70,1,0,528,0,467.35004,467.35004,100,0,1135,0,1128,916,17,34,0
1001,350,20,0,0,1,0,489,0,411.7194,411.7194,100,0,1135,0,1136,922,17,35,0
1001,700,20,42,150,1,0,540,0,769.85175,769.85175,100,0,1310,0,1312,890,17,36,0
1001,700,20,42,0,1,0,602,0,942.2588,942.2588,100,0,1310,0,1308,900,17,37,0
1001,700,20,21,150,1,0,689,0,972.04614,972.04614,100,0,1310,0,1307,872,17,38,0
1001,350,20,42,0,1,0,557,0,533.9468,533.9468,100,0,1135,0,1133,608,17,39,0
1001,700,20,21,1,1,0,490,0,792.5351,792.5351,100,0,1310,0,1314,602,18,0,0
1001,350,20,42,150,1,0,514,0,403.49942,403.49942,100,0,1135,0,1131,593,18,1,0
1001,350,20,0,12,1,0,523,0,472.24445,472.24445,100,0,1135,0,1138,591,18,2,0
1001,350,20,0,150,1,0,729,0,515.7567,515.7567,100,0,1135,0,1140,608,18,3,0
1001,700,20,21,150,1,0,509,0,800.8871,800.8871,100,0,1310,0,1311,603,18,4,0
1001,700,20,73,0,1,0,607,0,813.8109,813.8109,100,0,1310,0,1307,598,18,5,0
1001,700,20,42,12,1,0,526,0,766.60846,766.60846,100,0,1310,0,1313,599,18,6,0
1001,350,20,21,1,1,0,520,0,437.59402,437.59402,100,0,1135,0,1142,588,18,7,0
1001,700,20,21,70,1,0,596,0,906.2298,906.2298,100,0,1310,0,1303,587,18,8,0
1001,350,20,73,1,1,0,504,0,443.32333,443.32333,100,0,1135,0,1131,596,18,9,0
1001,350,20,21,12,1,0,464,0,411.50186,411.50186,100,0,1135,0,1138,586,18,10,0
1001,700,20,21,12,1,0,615,0,861.54254,861.54254,100,0,1310,0,1300,590,18,11,0
1001,700,20,42,1,1,0,536,0,749.0619,749.0619,100,0,1310,0,1309,595,18,12,0
1001,350,20,42,1,1,0,555,0,526.97534,526.97534,100,0,1135,0,1131,602,18,13,0
1001,700,20,42,0,1,0,479,0,799.13965,799.13965,100,0,1310,0,1311,572,18,14,0
1001,700,20,73,70,1,0,439,0,735.9726,735.9726,100,0,1310,0,1310,596,18,15,0
1001,350,20,42,12,1,0,555,0,392.624,392.624,100,0,1135,0,1139,584,18,16,0
1001,700,20,0,70,1,0,706,0,914.53827,914.53827,100,0,1310,0,1306,591,18,17,0
1001,350,20,21,150,1,0,490,0,507.99835,507.99835,100,0,1135,0,1143,589,18,18,0
1001,700,20,42,70,1,0,676,0,904.8121,904.8121,100,0,1310,0,1306,586,18,19,0
1001,700,20,0,12,1,0,734,0,1087.7635,1087.7635,100,0,1310,0,1306,602,18,20,0
1001,350,20,42,0,1,0,492,0,490.36523,490.36523,100,0,1135,0,1142,615,18,21,0
1001,700,20,0,0,1,0,655,0,870.8211,870.8211,100,0,1310,0,1306,587,18,22,0
1001,700,20,0,150,1,0,881,0,847.16895,847.16895,100,0,1310,0,1311,602,18,23,0
1001,700,20,73,12,1,0,580,1,871.98694,871.98694,100,0,1310,0,1297,605,18,24,0
1001,350,20,73,0,1,0,467,0,446.02893,446.02893,100,0,1135,0,1133,638,18,25,0
1001,700,20,73,150,1,0,526,0,755.8555,755.8555,100,0,1310,0,1316,633,18,26,0
1001,700,20,73,1,1,0,542,0,734.26074,734.26074,100,0,1310,0,1309,634,18,27,0
1001,350,20,73,12,1,0,511,0,433.67633,433.67633,100,0,1135,0,1136,642,18,28,0
1001,350,20,42,70,1,0,486,0,417.9258,417.9258,100,0,1135,0,1132,634,18,29,0
1001,700,20,0,1,1,0,660,0,766.9863,766.9863,100,0,1310,0,1304,638,18,30,0
1001,700,20,21,0,1,0,595,0,740.90765,740.90765,100,0,1310,0,1307,655,18,31,0
1001,700,20,42,150,1,0,489,0,748.17487,748.17487,100,0,1310,0,1305,662,18,32,0
1001,350,20,73,70,1,0,484,0,423.28882,423.28882,100,0,1135,0,1140,665,18,33,0
1001,350,20,21,0,1,0,543,1,392.63086,392.63086,100,0,1135,0,1149,657,18,34,0
1001,350,20,0,1,1,0,429,0,439.2188,439.2188,100,0,1135,0,1141,676,18,35,0
1001,350,20,21,70,1,0,569,1,393.57394,393.57394,100,0,1135,0,1150,667,18,36,0
1001,350,20,0,0,1,0,454,0,463.31427,463.31427,100,0,1135,0,1137,676,18,37,0
1001,350,20,73,150,1,0,565,0,510.4758,510.4758,100,0,1135,0,1133,684,18,38,0
1001,350,20,0,70,1,0,522,0,450.50845,450.50845,100,0,1135,0,1143,630,18,39,0
1001,350,20,21,1,1,0,500,0,467.75925,467.75925,100,0,1135,0,1138,629,19,0,0
1001,350,20,42,0,1,0,623,0,424.4459,424.4459,100,0,1135,0,1133,654,19,1,0
1001,350,20,42,150,1,0,478,0,479.9133,479.9133,100,0,1135,0,1133,659,19,2,0
1001,700,20,0,1,1,0,825,0,742.63525,742.63525,100,0,1310,0,1303,635,19,3,0
1001,350,20,73,1,1,0,524,0,427.98904,427.98904,100,0,1135,0,1134,657,19,4,0
1001,700,20,21,0,1,0,490,0,752.06635,752.06635,100,0,1310,0,1317,692,19,5,0
1001,350,20,21,0,1,0,517,0,373.77213,373.77213,100,0,1135,0,1142,703,19,6,0
1001,350,20,21,12,1,0,461,0,449.95483,449.95483,100,0,1135,0,1134,713,19,7,0
1001,350,20,21,150,1,0,482,0,435.64505,435.64505,100,0,1135,0,1135,732,19,8,0
1001,700,20,0,0,1,0,806,0,804.56464,804.56464,100,0,1310,0,1310,729,19,9,0
1001,350,20,0,150,1,0,490,0,494.07764,494.07764,100,0,1135,0,1133,720,19,10,0
1001,350,20,42,12,1,0,488,0,490.55957,490.55957,100,0,1135,0,1141,712,19,11,0
1001,350,20,0,1,1,0,740,0,668.2428,668.2428,100,0,1135,0,1144,723,19,12,0
1001,350,20,73,150,1,0,424,0,425.1763,425.1763,100,0,1135,0,1135,734,19,13,0
1001,350,20,21,70,1,0,491,0,392.12427,392.12427,100,0,1135,0,1126,722,19,14,0
1001,350,20,73,70,1,0,464,0,488.91776,488.91776,100,0,1135,0,1126,735,19,15,0
1001,700,20,73,12,1,0,710,0,770.7354,770.7354,100,0,1310,0,1303,756,19,16,0
1001,700,20,42,1,1,0,674,0,1013.1485,1013.1485,100,0,1310,0,1309,789,19,17,0
1001,350,20,42,70,1,0,543,0,371.18176,371.18176,100,0,1135,0,1135,763,19,18,0
1001,700,20,73,150,1,0,590,0,765.0772,765.0772,100,0,1310,0,1303,796,19,19,0
1001,700,20,21,150,1,0,513,0,786.6147,786.6147,100,0,1310,0,1310,804,19,20,0
1001,700,20,42,70,1,0,836,0,827.1701,827.1701,100,0,1310,0,1311,794,19,21,0
1001,700,20,21,12,1,0,505,0,791.0527,791.0527,100,0,1310,0,1316,790,19,22,0
1001,350,20,42,1,1,0,468,0,401.93704,401.93704,100,0,1135,0,1132,802,19,23,0
1001,700,20,73,70,1,0,500,0,807.0972,807.0972,100,0,1310,0,1312,782,19,24,0
1001,700,20,42,12,1,0,569,0,861.6605,861.6605,100,0,1310,0,1309,801,19,25,0
1001,700,20,0,12,1,0,750,0,851.358,851.358,100,0,1310,0,1304,795,19,26,0
1001,700,20,21,1,1,0,598,0,802.00824,802.00824,100,0,1310,0,1318,799,19,27,0
1001,350,20,0,70,1,0,603,0,538.12,538.12,100,0,1135,0,1130,806,19,28,0
1001,700,20,0,70,1,0,863,0,888.7234,888.7234,100,0,1310,0,1313,799,19,29,0
1001,700,20,42,0,1,0,651,0,764.29193,764.29193,100,0,1310,0,1306,815,19,30,0
1001,700,20,0,150,1,0,531,0,774.3489,774.3489,100,0,1310,0,1315,818,19,31,0
1001,700,20,73,0,1,0,580,0,824.3504,824.3504,100,0,1310,0,1303,818,19,32,0
1001,350,20,0,0,1,0,547,0,359.5522,359.5522,100,0,1135,0,1131,798,19,33,0
1001,350,20,73,0,1,0,521,0,459.1186,459.1186,100,0,1135,0,1136,799,19,34,0
1001,700,20,21,70,1,0,720,0,869.508,869.508,100,0,1310,0,1313,814,19,35,0
1001,350,20,73,12,1,0,594,0,387.43494,387.43494,100,0,1135,0,1136,803,19,36,0
1001,700,20,42,150,1,0,601,0,778.367,778.367,100,0,1310,0,1312,788,19,37,0
1001,350,20,0,12,1,0,559,0,389.25928,389.25928,100,0,1135,0,1131,770,19,38,0
1001,700,20,73,1,1,0,575,0,768.32666,768.32666,100,0,1310,0,1302,767,19,39,0
1001,350,20,42,0,1,0,496,0,496.68515,496.68515,100,0,1135,0,1138,764,20,0,0
1001,350,20,73,150,1,0,695,0,545.1229,545.1229,100,0,1135,0,1133,756,20,1,0
1001,350,20,73,70,1,0,482,0,369.4756,369.4756,100,0,1135,0,1125,738,20,2,0
1001,700,20,21,0,1,0,540,0,718.667,718.667,100,0,1310,0,1308,747,20,3,0
1001,700,20,42,1,1,0,615,0,864.6292,864.6292,100,0,1310,0,1307,776,20,4,0
1001,350,20,21,1,1,0,616,0,397.17908,397.17908,100,0,1135,0,1128,684,20,5,0
1001,350,20,73,0,1,0,628,0,573.0159,573.0159,100,0,1135,0,1142,712,20,6,0
1001,350,20,42,70,1,0,429,0,447.86465,447.86465,100,0,1135,0,1135,747,20,7,0
1001,700,20,21,70,1,0,493,0,723.07526,723.07526,100,0,1310,0,1309,735,20,8,0
1001,700,20,0,150,1,0,593,1,862.64545,862.64545,100,0,1310,0,1295,758,20,9,0
1001,350,20,21,0,1,0,583,1,336.63074,336.63074,100,0,1135,0,1124,742,20,10,0
1001,350,20,73,1,1,0,510,0,409.43887,409.43887,100,0,1135,0,1138,752,20,11,0
1001,350,20,21,12,1,0,591,0,524.5494,524.5494,100,0,1135,0,1134,774,20,12,0
1001,350,20,21,70,1,0,701,0,529.1748,529.1748,100,0,1135,0,1127,773,20,13,0
1001,700,20,42,12,1,0,494,0,816.4418,816.4418,100,0,1310,0,1315,766,20,14,0
1001,700,20,73,1,1,0,540,0,744.19354,744.19354,100,0,1310,0,1307,793,20,15,0
1001,350,20,42,150,1,0,434,0,391.30963,391.30963,100,0,1135,0,1141,817,20,16,0
1001,700,20,21,150,1,0,879,0,741.69226,741.69226,100,0,1310,0,1308,780,20,17,0
1001,350,20,73,12,1,0,512,0,441.18094,441.18094,100,0,1135,0,1143,807,20,18,0
1001,700,20,42,150,1,0,625,0,796.37317,796.37317,100,0,1310,0,1309,816,20,19,0
1001,350,20,42,1,1,0,545,0,413.54266,413.54266,100,0,1135,0,1129,795,20,20,0
1001,700,20,0,12,1,0,647,0,836.88525,836.88525,100,0,1310,0,1311,804,20,21,0
1001,700,20,73,70,1,0,620,0,752.98126,752.98126,100,0,1310,0,1307,758,20,22,0
1001,700,20,21,1,1,0,574,0,871.8393,871.8393,100,0,1310,0,1308,774,20,23,0
1001,350,20,0,12,1,0,430,0,365.187,365.187,100,0,1135,0,1131,807,20,24,0
1001,700,20,21,12,1,0,722,0,895.6859,895.6859,100,0,1310,0,1314,825,20,25,0
1001,700,20,0,1,1,0,472,0,778.5894,778.5894,100,0,1310,0,1314,820,20,26,0
1001,700,20,42,0,1,0,658,0,760.2297,760.2297,100,0,1310,0,1315,802,20,27,0
1001,350,20,0,0,1,0,570,0,505.7668,505.7668,100,0,1135,0,1132,744,20,28,0
1001,700,20,0,0,1,0,652,0,1048.085,1048.085,100,0,1310,0,1311,743,20,29,0
1001,700,20,73,12,1,0,854,0,809.2546,809.2546,100,0,1310,0,1306,758,20,30,0
1001,350,20,42,12,1,0,578,0,604.89655,604.89655,100,0,1135,0,1135,773,20,31,0
1001,700,20,73,0,1,0,451,0,704.7665,704.7665,100,0,1310,0,1307,766,20,32,0
1001,700,20,42,70,1,0,473,0,785.2164,785.2164,100,0,1310,0,1309,783,20,33,0
1001,350,20,21,150,1,0,452,0,430.5336,430.5336,100,0,1135,0,1129,776,20,34,0
1001,350,20,0,150,1,0,651,0,618.5618,618.5618,100,0,1135,0,1133,784,20,35,0
1001,350,20,0,70,1,0,645,0,391.28592,391.28592,100,0,1135,0,1133,753,20,36,0
1001,350,20,0,1,1,0,486,0,518.39935,518.39935,100,0,1135,0,1134,769,20,37,0
1001,700,20,73,150,1,0,478,0,852.94086,852.94086,100,0,1310,0,1307,762,20,38,0
1001,700,20,0,70,1,0,627,0,1019.4979,1019.4979,100,0,1310,0,1307,750,20,39,0
1001,700,20,42,1,1,0,714,0,864.86884,864.86884,100,0,1310,0,1306,772,21,0,0
1001,350,20,0,0,1,0,572,0,577.23206,577.23206,100,0,1135,0,1141,769,21,1,0
1001,700,20,42,150,1,0,682,0,846.0504,846.0504,100,0,1310,0,1315,770,21,2,0
1001,700,20,42,0,1,0,688,0,819.4835,819.4835,100,0,1310,0,1305,766,21,3,0
1001,350,20,21,150,1,0,468,0,443.60233,443.60233,100,0,1135,0,1143,757,21,4,0
1001,700,20,73,150,1,0,567,0,811.20087,811.20087,100,0,1310,0,1303,780,21,5,0
1001,350,20,21,70,1,0,420,0,364.37363,364.37363,100,0,1135,0,1129,759,21,6,0
1001,350,20,21,0,1,0,533,0,393.1067,393.1067,100,0,1135,0,1132,768,21,7,0
1001,700,20,21,150,1,0,603,0,865.9775,865.9775,100,0,1310,0,1316,772,21,8,0
1001,700,20,73,1,1,0,607,0,781.49023,781.49023,100,0,1310,0,1306,775,21,9,0
1001,700,20,0,1,1,0,506,0,816.36273,816.36273,100,0,1310,0,1316,765,21,10,0
1001,700,20,21,70,1,0,565,0,850.89886,850.89886,100,0,1310,0,1315,820,21,11,0
1001,350,20,21,1,1,0,687,0,583.62634,583.62634,100,0,1135,0,1138,792,21,12,0
1001,700,20,0,150,1,0,473,0,807.38214,807.38214,100,0,1310,0,1303,777,21,13,0
1001,350,20,42,1,1,0,461,0,374.30493,374.30493,100,0,1135,0,1130,748,21,14,0
1001,350,20,73,150,1,0,578,0,466.01303,466.01303,100,0,1135,0,1135,786,21,15,0
1001,350,20,73,1,1,0,493,1,511.2726,511.2726,100,0,1135,0,1118,801,21,16,0
1001,350,20,0,1,1,0,503,0,410.0678,410.0678,100,0,1135,0,1127,800,21,17,0
1001,700,20,21,1,1,0,607,0,815.9987,815.9987,100,0,1310,0,1307,846,21,18,0
1001,350,20,73,12,1,0,569,1,470.21368,470.21368,100,0,1135,0,1146,602,21,19,0
1001,700,20,0,70,1,0,911,0,882.38043,882.38043,100,0,1310,0,1313,606,21,20,0
1001,350,20,42,0,1,0,560,0,366.20132,366.20132,100,0,1135,0,1128,534,21,21,0
1001,700,20,73,70,1,0,565,0,823.17053,823.17053,100,0,1310,0,1308,549,21,22,0
1001,700,20,73,12,1,0,607,0,744.9815,744.9815,100,0,1310,0,1314,550,21,23,0
1001,700,20,0,12,1,0,518,1,759.0747,759.0747,100,0,1310,0,1321,550,21,24,0
1001,700,20,73,0,1,0,530,0,811.32245,811.32245,100,0,1310,0,1304,558,21,25,0
1001,350,20,21,12,1,0,570,0,490.25528,490.25528,100,0,1135,0,1137,570,21,26,0
1001,350,20,0,70,1,0,578,0,540.7294,540.7294,100,0,1135,0,1134,545,21,27,0
1001,700,20,21,0,1,0,513,1,747.7121,747.7121,100,0,1310,0,1299,520,21,28,0
1001,350,20,0,12,1,0,672,0,434.31384,434.31384,100,0,1135,0,1128,511,21,29,0
1001,350,20,0,150,1,0,555,0,621.309,621.309,100,0,1135,0,1132,537,21,30,0
1001,350,20,73,0,1,0,481,0,450.9008,450.9008,100,0,1135,0,1135,547,21,31,0
1001,700,20,42,12,1,0,743,0,828.3068,828.3068,100,0,1310,0,1307,534,21,32,0
1001,350,20,42,12,1,0,566,0,436.34283,436.34283,100,0,1135,0,1138,538,21,33,0
1001,700,20,42,70,1,0,709,0,854.6341,854.6341,100,0,1310,0,1302,538,21,34,0
1001,700,20,0,0,1,0,563,0,818.72473,818.72473,100,0,1310,0,1312,540,21,35,0
1001,700,20,21,12,1,0,648,0,738.45294,738.45294,100,0,1310,0,1312,528,21,36,0
1001,350,20,42,70,1,0,827,0,577.2508,577.2508,100,0,1135,0,1130,558,21,37,0
1001,350,20,73,70,1,0,544,0,566.7245,566.7245,100,0,1135,0,1132,573,21,38,0
1001,350,20,42,150,1,0,652,0,512.5519,512.5519,100,0,1135,0,1135,559,21,39,0