103,1000,30,10000,1,4,865,0,768.1881,770.5713,99.69072,0,0
103,500,30,60,1,4,653,0,418.66425,423.17255,98.93465,0,1
103,500,30,0,1,4,876,0,626.0381,638.2131,98.09233,0,2
103,1000,30,60,1,4,799,0,814.20496,818.0333,99.532005,0,3
103,1000,30,0,1,4,958,0,933.4435,940.9221,99.20518,0,4
103,500,30,10000,1,4,623,0,394.20688,394.20688,100,0,5
103,500,30,0,1,4,641,0,465.04266,465.04266,100,1,0
103,500,30,10000,1,4,864,0,517.918,517.918,100,1,1
103,1000,30,0,1,4,864,0,839.28033,839.28033,100,1,2
103,1000,30,60,1,4,793,1,888.4919,889.78564,99.8546,1,3
103,1000,30,10000,1,4,734,0,726.1802,726.1802,100,1,4
103,500,30,60,1,4,872,0,557.3413,557.3413,100,1,5
103,500,30,0,1,4,682,0,452.23288,452.23288,100,2,0
103,500,30,60,1,4,748,0,438.83804,438.83804,100,2,1
103,1000,30,0,1,4,945,1,807.92,807.92,100,2,2
103,1000,30,60,1,4,904,0,783.76135,783.76135,100,2,3
103,500,30,10000,1,4,784,0,497.44266,497.8519,99.9178,2,4
103,1000,30,10000,1,4,804,0,796.22046,796.22046,100,2,5
103,500,30,0,1,4,775,0,532.699,532.699,100,3,0
103,500,30,10000,1,4,837,0,610.81464,610.81464,100,3,1
103,500,30,60,1,4,651,0,396.33755,396.33755,100,3,2
103,1000,30,10000,1,4,972,0,1000.1507,1002.80743,99.73507,3,3
103,1000,30,60,1,4,894,0,804.98914,804.98914,100,3,4
103,1000,30,0,1,4,931,0,835.35376,835.35376,100,3,5
103,1000,30,10000,1,4,644,0,751.4719,751.4719,100,4,0
103,500,30,10000,1,4,569,0,399.0404,399.0404,100,4,1
103,1000,30,60,1,4,876,1,767.34106,767.34106,100,4,2
103,500,30,60,1,4,670,0,461.95102,461.95102,100,4,3
103,1000,30,0,1,4,907,0,921.69147,921.69147,100,4,4
103,500,30,0,1,4,674,0,471.6438,471.6438,100,4,5
103,500,30,0,1,4,697,0,507.97372,507.97372,100,5,0
103,1000,30,60,1,4,889,1,762.82214,762.82214,100,5,1
103,500,30,60,1,4,764,0,521.51794,521.51794,100,5,2
103,1000,30,10000,1,4,973,0,830.2843,830.2843,100,5,3
103,500,30,10000,1,4,562,1,399.93884,399.93884,100,5,4
103,1000,30,0,1,4,1077,1,840.8689,840.8689,100,5,5
103,500,30,0,1,4,682,0,498.9181,498.9181,100,6,0
103,1000,30,10000,1,4,992,0,792.86163,792.86163,100,6,1
103,500,30,60,1,4,969,0,567.9638,567.9638,100,6,2
103,1000,30,0,1,4,838,0,842.2532,842.2532,100,6,3
103,500,30,10000,1,4,870,0,520.07294,520.07294,100,6,4
103,1000,30,60,1,4,872,0,790.46844,790.46844,100,6,5
103,1000,30,0,1,4,851,0,868.1609,868.1609,100,7,0
103,1000,30,10000,1,4,719,0,836.4431,836.4431,100,7,1
103,500,30,10000,1,4,653,0,502.6573,502.6573,100,7,2
103,1000,30,60,1,4,965,1,870.15906,870.15906,100,7,3
103,500,30,0,1,4,727,0,432.17252,432.17252,100,7,4
103,500,30,60,1,4,576,0,438.9301,438.9301,100,7,5
103,500,30,0,1,4,902,0,557.8528,557.8528,100,8,0
103,1000,30,0,1,4,714,0,916.01135,916.01135,100,8,1
103,500,30,10000,1,4,666,0,378.9525,378.9525,100,8,2
103,1000,30,60,1,4,784,0,920.5337,921.3364,99.91287,8,3
103,1000,30,10000,1,4,789,0,756.182,756.182,100,8,4
103,500,30,60,1,4,666,0,459.19623,459.19623,100,8,5
103,1000,30,10000,1,4,895,0,775.0078,781.0604,99.22508,9,0
103,500,30,10000,1,4,677,0,431.4252,431.4252,100,9,1
103,1000,30,60,1,4,648,0,763.02386,763.02386,100,9,2
103,500,30,0,1,4,782,0,537.169,537.169,100,9,3
103,1000,30,0,1,4,792,0,775.84814,775.84814,100,9,4
103,500,30,60,1,4,696,0,439.1183,439.1183,100,9,5
103,500,30,60,1,4,764,0,406.66977,406.66977,100,10,0
103,500,30,0,1,4,699,0,394.22797,394.22797,100,10,1
103,1000,30,0,1,4,933,0,827.96405,827.96405,100,10,2
103,500,30,10000,1,4,642,1,392.05078,392.05078,100,10,3
103,1000,30,10000,1,4,953,0,753.95496,753.95496,100,10,4
103,1000,30,60,1,4,832,0,746.36774,746.36774,100,10,5
103,500,30,0,1,4,702,0,505.9642,505.9642,100,11,0
103,500,30,10000,1,4,542,0,398.71402,398.71402,100,11,1
103,500,30,60,1,4,656,0,446.7774,446.7774,100,11,2
103,1000,30,0,1,4,734,0,939.3499,939.3499,100,11,3
103,1000,30,60,1,4,982,0,785.54944,785.54944,100,11,4
103,1000,30,10000,1,4,933,0,913.1264,913.1264,100,11,5
103,1000,30,60,1,4,834,1,811.667,811.667,100,12,0
103,1000,30,0,1,4,822,0,823.8674,823.8674,100,12,1
103,1000,30,10000,1,4,814,0,817.79724,817.79724,100,12,2
103,500,30,10000,1,4,660,0,402.42343,402.42343,100,12,3
103,500,30,0,1,4,847,0,571.50433,571.50433,100,12,4
103,500,30,60,1,4,807,0,562.15186,562.3879,99.95803,12,5
103,500,30,10000,1,4,703,0,420.23312,420.23312,100,13,0
103,500,30,60,1,4,610,0,456.34048,456.34048,100,13,1
103,1000,30,60,1,4,867,0,792.32196,792.32196,100,13,2
103,1000,30,0,1,4,803,0,806.02374,806.02374,100,13,3
103,500,30,0,1,4,743,0,583.988,583.988,100,13,4
103,1000,30,10000,1,4,798,0,927.70306,929.6779,99.787575,13,5
103,500,30,10000,1,4,635,0,436.9382,436.9382,100,14,0
103,1000,30,0,1,4,770,0,753.934,753.934,100,14,1
103,500,30,0,1,4,683,0,513.8172,513.8172,100,14,2
103,1000,30,60,1,4,1184,0,780.5443,780.5443,100,14,3
103,1000,30,10000,1,4,848,0,786.25946,787.1764,99.883514,14,4
103,500,30,60,1,4,770,0,546.7042,546.7042,100,14,5
103,500,30,10000,1,4,741,0,386.5094,386.5094,100,15,0
103,1000,30,0,1,4,910,0,896.4068,896.4068,100,15,1
103,500,30,60,1,4,724,0,608.9488,608.9488,100,15,2
103,1000,30,60,1,4,666,0,808.65186,808.65186,100,15,3
103,1000,30,10000,1,4,919,0,935.1491,935.2667,99.98743,15,4
103,500,30,0,1,4,662,0,452.6854,452.6854,100,15,5
103,500,30,10000,1,4,560,0,566.49274,566.49274,100,16,0
103,500,30,0,1,4,710,0,497.985,500.985,99.401184,16,1
103,500,30,60,1,4,607,0,530.3255,531.66534,99.74799,16,2
103,1000,30,10000,1,4,714,0,875.5978,875.5978,100,16,3
103,1000,30,60,1,4,759,0,770.8832,770.8832,100,16,4
103,1000,30,0,1,4,904,0,916.72296,916.72296,100,16,5
103,500,30,0,1,4,954,0,689.1341,689.1341,100,17,0
103,1000,30,60,1,4,735,0,839.6208,839.6208,100,17,1
103,500,30,60,1,4,765,0,525.4502,525.4502,100,17,2
103,1000,30,0,1,4,944,0,910.83136,910.83136,100,17,3
103,1000,30,10000,1,4,796,0,776.97516,776.97516,100,17,4
103,500,30,10000,1,4,720,0,564.8575,564.8575,100,17,5
103,1000,30,60,1,4,1065,0,1053.7402,1053.7402,100,18,0
103,1000,30,0,1,4,893,0,942.88116,942.88116,100,18,1
103,1000,30,10000,1,4,776,0,846.9891,846.9891,100,18,2
103,500,30,60,1,4,778,0,585.60297,585.60297,100,18,3
103,500,30,0,1,4,730,0,477.70325,477.70325,100,18,4
103,500,30,10000,1,4,633,0,444.4672,444.4672,100,18,5
103,500,30,10000,1,4,573,0,400.9952,404.23126,99.199455,19,0
103,1000,30,60,1,4,759,0,779.31067,779.31067,100,19,1
103,500,30,60,1,4,788,0,611.6344,611.6344,100,19,2
103,1000,30,10000,1,4,853,0,809.6913,811.51965,99.774704,19,3
103,500,30,0,1,4,830,0,557.39014,557.39014,100,19,4
103,1000,30,0,1,4,753,0,789.74274,791.81366,99.738464,19,5
103,500,30,60,1,4,836,0,528.7211,528.7211,100,20,0
103,1000,30,10000,1,4,859,0,793.40735,793.40735,100,20,1
103,1000,30,60,1,4,831,0,774.29736,774.53394,99.96946,20,2
103,500,30,10000,1,4,736,0,645.2295,645.2295,100,20,3
103,1000,30,0,1,4,835,0,959.87103,959.87103,100,20,4
103,500,30,0,1,4,813,0,524.51306,524.51306,100,20,5
103,500,30,60,1,4,648,0,593.0797,593.0797,100,21,0
103,500,30,0,1,4,712,0,506.31458,506.31458,100,21,1
103,500,30,10000,1,4,771,0,644.9044,644.9044,100,21,2
103,1000,30,60,1,4,797,0,936.81323,936.81323,100,21,3
103,1000,30,10000,1,4,807,0,1074.2631,1074.6205,99.96674,21,4
103,1000,30,0,1,4,715,0,899.733,899.733,100,21,5
103,500,30,0,0,4,725,0,410.82843,416.90543,98.54236,22,0
103,1000,30,0,0,4,760,0,753.82837,765.5077,98.474304,22,1
103,1000,30,10000,0,4,697,0,926,951.6184,97.307915,22,2
103,1000,30,60,0,4,635,1,777,791.30225,98.192566,22,3
103,500,30,10000,0,4,574,0,424,430.28903,98.538414,22,4
103,500,30,60,0,4,664,0,486.65027,493.85812,98.540504,22,5
103,500,30,10000,0,4,521,0,413,421.4638,97.991806,23,0
103,1000,30,60,0,4,693,0,741,746.4798,99.265915,23,1
103,500,30,0,0,4,913,0,659.38513,685.27,96.22267,23,2
103,1000,30,0,0,4,714,0,882.20966,910.3888,96.90472,23,3
103,1000,30,10000,0,4,671,0,779,802.9367,97.01885,23,4
103,500,30,60,0,4,752,0,552.3165,575.08826,96.040306,23,5
103,500,30,60,0,4,761,1,447,471.776,94.74835,24,0
103,500,30,0,0,4,713,0,606,623.8604,97.13711,24,1
103,1000,30,10000,0,4,719,0,839,858.8386,97.69006,24,2
103,500,30,10000,0,4,586,0,464,483.9658,95.87455,24,3
103,1000,30,0,0,4,664,0,878,900.906,97.45745,24,4
103,1000,30,60,0,4,767,0,816,841.62714,96.95505,24,5
103,1000,30,10000,0,4,686,1,800,815.4539,98.10487,25,0
103,500,30,10000,0,4,748,0,510,536.0983,95.131805,25,1
103,500,30,60,0,4,612,0,489,508.0749,96.24565,25,2
103,500,30,0,0,4,919,0,691,715.928,96.51809,25,3
103,1000,30,0,0,4,775,0,891,923.1687,96.5154,25,4
103,1000,30,60,0,4,780,0,869,883.2811,98.38317,25,5
103,500,30,60,0,4,665,0,534,559.85706,95.38149,26,0
103,500,30,0,0,4,826,0,559,585.2595,95.51318,26,1
103,1000,30,0,0,4,693,0,813,823.2896,98.75018,26,2
103,1000,30,10000,0,4,764,1,807.5765,831.18225,97.15997,26,3
103,500,30,10000,0,4,743,1,618,646.2225,95.632706,26,4
103,1000,30,60,0,4,832,0,886,897.8372,98.68159,26,5
103,500,30,60,0,4,820,0,637,662.87177,96.097015,27,0
103,1000,30,60,0,4,571,0,782,797.7045,98.03128,27,1
103,500,30,0,0,4,748,0,588,603.79913,97.38338,27,2
103,1000,30,0,0,4,572,0,780,794.85266,98.13139,27,3
103,1000,30,10000,0,4,731,0,845.1623,855.3472,98.80926,27,4
103,500,30,10000,0,4,791,0,537,565.4509,94.96845,27,5
103,1000,30,60,0,4,684,1,844,862.37115,97.8697,28,0
103,500,30,0,0,4,735,0,602,615.3202,97.83524,28,1
103,500,30,60,0,4,692,0,567,579.01166,97.92549,28,2
103,1000,30,0,0,4,618,0,760,775.90564,97.95005,28,3
103,1000,30,10000,0,4,726,0,911,929.5374,98.00574,28,4
103,500,30,10000,0,4,727,0,554,574.83246,96.37591,28,5
103,500,30,60,0,4,821,0,737,759.77356,97.00259,29,0
103,500,30,10000,0,4,583,0,489,520.8741,93.88065,29,1
103,1000,30,0,0,4,696,0,750,778.3205,96.361336,29,2
103,1000,30,60,0,4,780,0,865,892.0994,96.96229,29,3
103,1000,30,10000,0,4,843,0,827,848.86536,97.424164,29,4
103,500,30,0,0,4,497,0,370,391.97372,94.39408,29,5
103,500,30,10000,0,4,652,0,557.09924,569.0997,97.89133,30,0
103,500,30,0,0,4,575,0,465,486.88077,95.50593,30,1
103,1000,30,10000,0,4,695,0,778.8928,795.34515,97.93142,30,2
103,1000,30,60,0,4,870,0,799,813.7371,98.18896,30,3
103,1000,30,0,0,4,687,0,872.7793,886.77026,98.42226,30,4
103,500,30,60,0,4,680,0,559,585.98193,95.39543,30,5
103,1000,30,60,0,4,615,0,775,788.0744,98.34097,31,0
103,500,30,10000,0,4,769,0,603.82837,615.605,98.08698,31,1
103,500,30,0,0,4,642,0,499,526.5773,94.762924,31,2
103,1000,30,0,0,4,614,0,808,821.5162,98.35473,31,3
103,1000,30,10000,0,4,688,0,897.5765,922.3962,97.30921,31,4
103,500,30,60,0,4,469,0,385,395.42966,97.36245,31,5
103,500,30,0,0,4,694,0,531.2361,551.60895,96.30665,32,0
103,1000,30,0,0,4,843,0,950,970.5792,97.8797,32,1
103,500,30,10000,0,4,577,0,501,527.3956,94.9951,32,2
103,1000,30,10000,0,4,636,0,814,832.53204,97.77402,32,3
103,1000,30,60,0,4,581,0,787.24255,803.3752,97.9919,32,4
103,500,30,60,0,4,612,0,454,472.66174,96.05177,32,5
103,1000,30,10000,0,4,582,0,843,867.24023,97.2049,33,0
103,500,30,10000,0,4,664,0,545,562.62946,96.86659,33,1
103,1000,30,60,0,4,636,0,733,751.9102,97.48504,33,2
103,500,30,0,0,4,691,0,549.129,562.8742,97.55804,33,3
103,1000,30,0,0,4,763,0,830.5431,863.8294,96.14665,33,4
103,500,30,60,0,4,770,0,631.5373,664.9889,94.9696,33,5
103,1000,30,10000,0,4,782,0,829,845.61285,98.03541,34,0
103,500,30,0,0,4,666,0,707.0054,739.99475,95.54194,34,1
103,1000,30,60,0,4,787,0,876.24255,890.3327,98.417435,34,2
103,1000,30,0,0,4,687,0,784,809.7571,96.81916,34,3
103,500,30,10000,0,4,730,0,375,394.52042,95.05212,34,4
103,500,30,60,0,4,742,0,512,531.86273,96.26544,34,5
103,500,30,10000,0,4,497,0,432,447.38425,96.56129,35,0
103,1000,30,10000,0,4,537,0,780,790.6782,98.64948,35,1
103,500,30,0,0,4,516,0,393,412.6406,95.240265,35,2
103,1000,30,0,0,4,663,0,770.4142,787.22565,97.86446,35,3
103,1000,30,60,0,4,685,0,735,755.71875,97.25841,35,4
103,500,30,60,0,4,704,0,491,514.7555,95.38509,35,5
103,500,30,0,0,4,634,0,486,502.71426,96.67519,36,0
103,1000,30,0,0,4,517,0,730,766.0493,95.29412,36,1
103,1000,30,60,0,4,736,0,752.65027,769.7185,97.78253,36,2
103,500,30,10000,0,4,513,0,416,429.91205,96.76398,36,3
103,500,30,60,0,4,664,0,555,569.52997,97.44878,36,4
103,1000,30,10000,0,4,667,1,751,767.80865,97.81083,36,5
103,500,30,10000,0,4,505,1,417.1623,424.92548,98.17305,37,0
103,1000,30,10000,0,4,808,0,792.6701,807.8151,98.12519,37,1
103,1000,30,0,0,4,659,0,801,828.86285,96.63842,37,2
103,500,30,60,0,4,582,0,444,460.01978,96.51759,37,3
103,500,30,0,0,4,750,0,606,631.2289,96.00321,37,4
103,1000,30,60,0,4,794,0,735,754.6368,97.39785,37,5
103,500,30,60,0,4,626,0,529,538.9069,98.16166,38,0
103,500,30,0,0,4,686,0,492,522.6511,94.13545,38,1
103,1000,30,0,0,4,762,0,853,891.0598,95.7287,38,2
103,1000,30,10000,0,4,885,0,901.82837,927.36975,97.24583,38,3
103,1000,30,60,0,4,742,0,855,899.7493,95.02647,38,4
103,500,30,10000,0,4,656,0,481,503.55917,95.52006,38,5
103,1000,30,60,0,4,813,0,898.60175,921.1398,97.553246,39,0
103,1000,30,10000,0,4,570,0,788,819.1927,96.19226,39,1
103,500,30,60,0,4,765,0,696,708.2073,98.27631,39,2
103,500,30,0,0,4,608,0,501,522.8591,95.81932,39,3
103,500,30,10000,0,4,653,0,419,428.08633,97.87746,39,4
103,1000,30,0,0,4,550,0,751,768.91095,97.67061,39,5
103,500,30,10000,0,4,638,0,613,642.17426,95.456955,40,0
103,1000,30,0,0,4,819,0,890,909.6879,97.83575,40,1
103,500,30,0,0,4,455,0,383,396.62766,96.56412,40,2
103,500,30,60,0,4,704,0,563,583.1197,96.549644,40,3
103,1000,30,60,0,4,733,0,818,880.3083,92.92199,40,4
103,1000,30,10000,0,4,808,1,759,797.2161,95.2063,40,5
103,500,30,60,0,4,594,0,397,433.67264,91.5437,41,0
103,500,30,10000,0,4,765,0,495,517.8817,95.58167,41,1
103,1000,30,60,0,4,811,0,906,938.01807,96.586624,41,2
103,1000,30,0,0,4,669,0,747,764.67865,97.688095,41,3
103,1000,30,10000,0,4,698,0,828.895,855.2468,96.91881,41,4
103,500,30,0,0,4,654,0,504,540.13165,93.310585,41,5
103,1000,30,10000,0,4,549,0,735,751.3735,97.82086,42,0
103,500,30,60,0,4,693,0,570,594.2052,95.92646,42,1
103,1000,30,60,0,4,677,1,786,801.05194,98.12097,42,2
103,500,30,0,0,4,716,0,481,508.12515,94.66172,42,3
103,1000,30,0,0,4,811,0,964,997.9968,96.59349,42,4
103,500,30,10000,0,4,492,0,436,461.1306,94.55022,42,5
103,500,30,60,0,4,677,0,574,600.56396,95.57683,43,0
103,1000,30,60,0,4,703,0,838,871.65625,96.13882,43,1
103,1000,30,0,0,4,839,0,1011,1039.6985,97.23973,43,2
103,500,30,0,0,4,559,0,445,459.8073,96.77967,43,3
103,1000,30,10000,0,4,624,0,801,823.45105,97.273544,43,4
103,500,30,10000,0,4,592,1,449.2221,467.0099,96.19113,43,5
103,500,30,10000,1,5,554,0,410.53207,415.18234,98.879944,44,0
103,1000,30,10000,1,5,866,1,764.2014,764.2014,100,44,1
103,1000,30,0,1,5,910,0,807.6464,817.8872,98.747894,44,2
103,1000,30,60,1,5,766,0,767.7259,775.0424,99.055984,44,3
103,500,30,60,1,5,635,0,541.7824,542.8949,99.79508,44,4
103,500,30,0,1,5,634,0,538.4382,538.4382,100,44,5
103,500,30,0,1,5,606,0,516.47473,516.47473,100,45,0
103,500,30,10000,1,5,583,0,390.89014,390.89014,100,45,1
103,1000,30,0,1,5,855,0,804.45935,807.45935,99.62846,45,2
103,500,30,60,1,5,654,0,526.22217,526.22217,100,45,3
103,1000,30,60,1,5,732,0,763.8993,767.0422,99.59026,45,4
103,1000,30,10000,1,5,753,0,939.3491,939.3491,100,45,5
103,500,30,10000,1,5,720,0,559.3291,559.3291,100,46,0
103,1000,30,0,1,5,670,0,976.2265,976.2265,100,46,1
103,1000,30,10000,1,5,790,0,893.656,893.656,100,46,2
103,500,30,60,1,5,644,0,429.21155,429.21155,100,46,3
103,1000,30,60,1,5,611,0,801.59033,803.89734,99.71302,46,4
103,500,30,0,1,5,606,0,471.57364,471.57364,100,46,5
103,1000,30,10000,1,5,909,0,778.5867,778.5867,100,47,0
103,500,30,60,1,5,587,0,530.4307,530.4307,100,47,1
103,500,30,0,1,5,543,0,457.57834,457.57834,100,47,2
103,1000,30,0,1,5,939,0,823.2797,828.392,99.382866,47,3
103,500,30,10000,1,5,849,0,773.5019,773.5019,100,47,4
103,1000,30,60,1,5,921,0,1326.6188,1068.1598,124.19666,47,5
103,1000,30,0,1,5,611,0,782.1772,782.1772,100,48,0
103,1000,30,10000,1,5,687,1,804.7317,805.20386,99.94136,48,1
103,500,30,0,1,5,640,0,552.3534,552.3534,100,48,2
103,1000,30,60,1,5,693,0,802.7296,802.7296,100,48,3
103,500,30,60,1,5,536,0,485.77567,485.77567,100,48,4
103,500,30,10000,1,5,582,0,401.66824,401.66824,100,48,5
103,1000,30,60,1,5,672,0,840.7444,840.7444,100,49,0
103,1000,30,10000,1,5,746,0,768.16345,768.16345,100,49,1
103,500,30,0,1,5,649,0,497.3828,497.3828,100,49,2
103,1000,30,0,1,5,651,0,908.6321,908.6321,100,49,3
103,500,30,60,1,5,525,0,380.251,380.251,100,49,4
103,500,30,10000,1,5,500,0,366.9804,366.9804,100,49,5
103,1000,30,10000,1,5,898,0,818.86,818.86,100,50,0
103,500,30,10000,1,5,477,0,440.33533,440.33533,100,50,1
103,500,30,0,1,5,677,0,587.6189,587.6189,100,50,2
103,1000,30,60,1,5,862,1,734.9717,739.73486,99.356094,50,3
103,1000,30,0,1,5,609,0,807.87744,807.87744,100,50,4
103,500,30,60,1,5,693,1,545.69556,545.69556,100,50,5
103,500,30,60,1,5,759,0,570.2585,570.2585,100,51,0
103,1000,30,0,1,5,698,0,835.6159,835.6159,100,51,1
103,500,30,10000,1,5,693,0,554.21075,554.78156,99.89711,51,2
103,1000,30,60,1,5,587,0,770.82477,770.82477,100,51,3
103,500,30,0,1,5,565,0,447.93695,447.93695,100,51,4
103,1000,30,10000,1,5,792,0,747.4573,747.4573,100,51,5
103,500,30,60,1,5,693,0,508.2836,508.2836,100,52,0
103,500,30,0,1,5,620,0,433.93573,433.93573,100,52,1
103,1000,30,10000,1,5,649,0,826.26276,826.26276,100,52,2
103,1000,30,60,1,5,701,0,897.22144,897.22144,100,52,3
103,500,30,10000,1,5,631,0,389.73367,389.73367,100,52,4
103,1000,30,0,1,5,709,0,740.30927,740.71277,99.945526,52,5
103,1000,30,10000,1,5,685,0,755.0628,755.0628,100,53,0
103,1000,30,60,1,5,660,0,852.34717,852.34717,100,53,1
103,500,30,10000,1,5,487,0,398.0658,398.0658,100,53,2
103,500,30,0,1,5,968,0,899.8716,632.28204,142.32123,53,3
103,500,30,60,1,5,558,0,444.08527,444.08527,100,53,4
103,1000,30,0,1,5,794,0,796.8365,806.3989,98.81418,53,5
103,500,30,60,1,5,676,0,533.9445,533.9445,100,54,0
103,1000,30,10000,1,5,635,0,805.5296,805.5296,100,54,1
103,500,30,10000,1,5,605,0,385.21506,385.21506,100,54,2
103,500,30,0,1,5,1170,0,931.15906,664.2215,140.18803,54,3
103,1000,30,0,1,5,760,0,792.03,794.83,99.64773,54,4
103,1000,30,60,1,5,683,0,858.77344,858.77344,100,54,5
103,500,30,60,1,5,558,0,510.9048,510.9048,100,55,0
103,500,30,0,1,5,564,0,418.7159,421.54434,99.32903,55,1
103,1000,30,60,1,5,672,0,871.7505,871.7505,100,55,2
103,500,30,10000,1,5,721,0,618.2374,618.2374,100,55,3
103,1000,30,0,1,5,798,0,1119.6598,1126.1101,99.42721,55,4
103,1000,30,10000,1,5,732,0,758.3753,758.3753,100,55,5
103,1000,30,60,1,5,741,0,924.7473,924.7473,100,56,0
103,500,30,0,1,5,543,0,457.1164,457.1164,100,56,1
103,1000,30,10000,1,5,761,0,864.1157,864.1157,100,56,2
103,1000,30,0,1,5,721,0,771.09216,772.14417,99.863754,56,3
103,500,30,60,1,5,653,0,595.2058,595.2058,100,56,4
103,500,30,10000,1,5,633,0,452.98557,452.98557,100,56,5
103,1000,30,10000,1,5,663,0,749.1555,749.1555,100,57,0
103,500,30,60,1,5,622,0,473.12738,473.12738,100,57,1
103,1000,30,60,1,5,658,0,812.96533,812.96533,100,57,2
103,500,30,10000,1,5,645,0,599.64746,602.8882,99.46247,57,3
103,500,30,0,1,5,701,0,433.90262,440.9473,98.402374,57,4
103,1000,30,0,1,5,695,1,806.60815,806.60815,100,57,5
103,500,30,0,1,5,612,0,539.079,539.079,100,58,0
103,1000,30,60,1,5,586,0,835.7974,835.7974,100,58,1
103,500,30,10000,1,5,615,0,468.98135,468.98135,100,58,2
103,500,30,60,1,5,674,0,591.54834,591.54834,100,58,3
103,1000,30,0,1,5,669,0,818.006,818.006,100,58,4
103,1000,30,10000,1,5,714,1,787.1254,787.1254,100,58,5
103,1000,30,0,1,5,786,0,821.0571,821.4163,99.956276,59,0
103,500,30,10000,1,5,544,0,480.46716,480.46716,100,59,1
103,1000,30,60,1,5,857,0,876.12695,876.12695,100,59,2
103,1000,30,10000,1,5,681,0,785.2278,785.2278,100,59,3
103,500,30,60,1,5,682,0,460.3444,460.3444,100,59,4
103,500,30,0,1,5,632,0,434.3462,435.2325,99.79636,59,5
103,500,30,60,1,5,598,0,509.67047,509.67047,100,60,0
103,1000,30,10000,1,5,737,0,785.62396,785.62396,100,60,1
103,1000,30,0,1,5,681,0,819.7485,819.7485,100,60,2
103,500,30,0,1,5,671,0,646.6437,646.6437,100,60,3
103,500,30,10000,1,5,516,0,418.10733,418.10733,100,60,4
103,1000,30,60,1,5,654,0,784.1412,784.1412,100,60,5
103,1000,30,60,1,5,649,0,812.9612,812.9612,100,61,0
103,500,30,60,1,5,552,0,432.31696,432.31696,100,61,1
103,500,30,0,1,5,522,0,395.72058,395.72058,100,61,2
103,500,30,10000,1,5,588,0,381.81854,381.81854,100,61,3
103,1000,30,0,1,5,642,0,937.00696,937.00696,100,61,4
103,1000,30,10000,1,5,796,0,806.1693,806.1693,100,61,5
103,500,30,10000,1,5,725,0,554.5731,554.5731,100,62,0
103,500,30,0,1,5,633,0,522.4143,522.4143,100,62,1
103,1000,30,0,1,5,804,0,749.29,754.83734,99.26509,62,2
103,1000,30,10000,1,5,785,1,793.66504,796.7516,99.6126,62,3
103,500,30,60,1,5,620,0,433.29742,433.29742,100,62,4
103,1000,30,60,1,5,640,0,832.9981,832.9981,100,62,5
103,1000,30,60,1,5,799,0,953.2715,964.3948,98.8466,63,0
103,500,30,10000,1,5,709,0,488.453,488.453,100,63,1
103,500,30,60,1,5,640,0,465.6308,465.6308,100,63,2
103,500,30,0,1,5,670,0,520.99854,520.99854,100,63,3
103,1000,30,0,1,5,640,1,988.3851,855.3851,115.54855,63,4
103,1000,30,10000,1,5,842,1,780.4001,780.4001,100,63,5
103,1000,30,10000,1,5,852,0,889.102,889.102,100,64,0
103,500,30,0,1,5,644,0,469.8884,469.8884,100,64,1
103,500,30,10000,1,5,682,0,513.9529,513.9529,100,64,2
103,500,30,60,1,5,553,0,451.3264,451.3264,100,64,3
103,1000,30,0,1,5,841,1,799.78735,805.36865,99.30699,64,4
103,1000,30,60,1,5,692,0,807.59454,807.59454,100,64,5
103,1000,30,0,1,5,745,0,875.64044,876.76746,99.87146,65,0
103,1000,30,10000,1,5,808,0,822.86237,822.86237,100,65,1
103,1000,30,60,1,5,621,0,817.1192,817.1192,100,65,2
103,500,30,0,1,5,598,0,479.4354,479.4354,100,65,3
103,500,30,10000,1,5,610,0,386.629,386.629,100,65,4
103,500,30,60,1,5,753,0,415.58975,415.58975,100,65,5
103,1000,30,60,0,5,576,0,738,621.75024,118.69718,66,0
103,500,30,10000,0,5,502,0,454.2691,463.9453,97.91436,66,1
103,1000,30,0,0,5,762,0,1017,914.0162,111.26717,66,2
103,1000,30,10000,0,5,981,0,721.3592,742.75024,97.120026,66,3
103,500,30,60,0,5,700,0,539,432.90927,124.50646,66,4
103,500,30,0,0,5,617,0,471.98468,363.0273,130.01355,66,5
103,1000,30,0,0,5,633,0,889,773.8813,114.875496,67,0
103,1000,30,60,0,5,664,0,896.67065,776.0735,115.5394,67,1
103,500,30,10000,0,5,648,0,354.4142,364.97412,97.106674,67,2
103,500,30,60,0,5,648,0,514.8033,395.96692,130.01169,67,3
103,500,30,0,0,5,729,0,683.1231,561.39886,121.68231,67,4
103,1000,30,10000,0,5,638,0,736.4142,750.67804,98.09987,67,5
103,1000,30,0,0,5,771,0,949,824.7199,115.06937,68,0
103,500,30,10000,0,5,654,1,464.63635,473.725,98.08145,68,1
103,1000,30,60,0,5,741,0,820.52094,700.1821,117.18678,68,2
103,500,30,0,0,5,578,0,412,287.51544,143.29665,68,3
103,1000,30,10000,0,5,782,0,745.0581,760.3762,97.98546,68,4
103,500,30,60,0,5,672,0,530.7183,419.31296,126.56854,68,5
103,500,30,60,0,5,727,0,537.94507,444.37653,121.05614,69,0
103,500,30,10000,0,5,609,0,481.37323,486.43512,98.95939,69,1
103,1000,30,60,0,5,726,0,809.90295,688.83746,117.57533,69,2
103,500,30,0,0,5,648,0,493.84155,381.40872,129.47832,69,3
103,1000,30,10000,0,5,642,0,744.7212,748.02435,99.55841,69,4
103,1000,30,0,0,5,660,0,850.447,724.50824,117.38266,69,5
103,500,30,10000,0,5,551,0,425.70816,428.91925,99.25135,70,0
103,500,30,0,0,5,585,0,517.2495,402.51218,128.50531,70,1
103,1000,30,0,0,5,711,1,1043.5513,794.31335,131.37778,70,2
103,1000,30,10000,0,5,709,0,823.7405,832.53864,98.943214,70,3
103,500,30,60,0,5,721,0,556.099,429.22784,129.558,70,4
103,1000,30,60,0,5,582,0,731,611.3861,119.56438,70,5
103,1000,30,0,0,5,915,0,1150.5431,765.0777,150.38252,71,0
103,1000,30,60,0,5,640,0,819,711.4132,115.12297,71,1
103,1000,30,10000,0,5,731,0,736.0521,753.63086,97.667465,71,2
103,500,30,0,0,5,684,0,539.20233,417.811,129.05412,71,3
103,500,30,60,0,5,743,0,643.7754,540.23047,119.1668,71,4
103,500,30,10000,0,5,686,0,439.60107,445.41754,98.69415,71,5
103,1000,30,0,0,5,670,0,880,829.127,106.13573,72,0
103,500,30,10000,0,5,599,1,390,408.84778,95.39003,72,1
103,1000,30,10000,0,5,926,0,876.47864,898.5943,97.53886,72,2
103,500,30,0,0,5,871,0,663.22156,598.7071,110.77563,72,3
103,500,30,60,0,5,740,0,528,414.74554,127.30698,72,4
103,1000,30,60,0,5,755,0,1129.574,746.7142,151.27261,72,5
103,500,30,10000,0,5,714,0,496,505.36188,98.14749,73,0
103,1000,30,10000,0,5,815,0,751.4142,767.9958,97.84092,73,1
103,500,30,60,0,5,670,0,534,437.95618,121.93,73,2
103,500,30,0,0,5,752,0,553,441.88135,125.14672,73,3
103,1000,30,0,0,5,602,0,822.04865,709.8996,115.797874,73,4
103,1000,30,60,0,5,731,0,776,661.47156,117.31419,73,5
103,500,30,10000,0,5,719,0,491.12897,506.0946,97.042915,74,0
103,500,30,60,0,5,714,0,566,475.00488,119.15667,74,1
103,500,30,0,0,5,741,0,937.29834,552.7835,169.55975,74,2
103,1000,30,10000,0,5,832,0,763.62177,776.7202,98.313614,74,3
103,1000,30,0,0,5,982,0,868.40485,751.7474,115.51817,74,4
103,1000,30,60,0,5,688,0,764,649.86383,117.563095,74,5
103,1000,30,0,0,5,731,0,890.89966,795.08453,112.05094,75,0
103,1000,30,10000,0,5,765,0,729,745.49146,97.78784,75,1
103,500,30,10000,0,5,533,0,373.6048,384.1224,97.26191,75,2
103,500,30,60,0,5,632,0,567,435.63834,130.15384,75,3
103,1000,30,60,0,5,704,0,984.41455,870.40375,113.09861,75,4
103,500,30,0,0,5,742,0,649,529.96204,122.46161,75,5
103,1000,30,0,0,5,877,0,815.06445,694.71326,117.32386,76,0
103,500,30,60,0,5,593,0,552.4852,440.96387,125.29036,76,1
103,500,30,10000,0,5,709,0,368,381.48422,96.465324,76,2
103,500,30,0,0,5,670,0,550.88635,437.60565,125.886475,76,3
103,1000,30,60,0,5,589,1,898,793.75665,113.132904,76,4
103,1000,30,10000,0,5,734,0,775.1361,787.0946,98.480675,76,5
103,500,30,10000,0,5,539,0,440,445.98157,98.65879,77,0
103,500,30,0,0,5,681,0,615.3693,497.21518,123.76318,77,1
103,1000,30,10000,0,5,669,0,794.95905,813.1242,97.76601,77,2
103,1000,30,0,0,5,702,0,861,765.20984,112.51816,77,3
103,500,30,60,0,5,654,1,674,552.4014,122.012726,77,4
103,1000,30,60,0,5,812,0,878.88007,761.7514,115.376236,77,5
103,1000,30,10000,0,5,652,0,737,749.09814,98.38497,78,0
103,500,30,0,0,5,647,0,548.5139,420.75064,130.36557,78,1
103,500,30,60,0,5,687,0,538.9907,439.70633,122.579704,78,2
103,1000,30,60,0,5,581,0,772,654.5824,117.93779,78,3
103,500,30,10000,0,5,714,0,457.22678,475.09406,96.23921,78,4
103,1000,30,0,0,5,592,0,913,817.1946,111.723694,78,5
103,1000,30,60,0,5,776,0,866.7394,755.16565,114.77474,79,0
103,1000,30,10000,0,5,805,0,713,726.73413,98.11016,79,1
103,500,30,60,0,5,615,0,651,537.3391,121.15254,79,2
103,500,30,10000,0,5,559,0,516,530.2263,97.31693,79,3
103,1000,30,0,0,5,814,0,1112.993,731.49744,152.1527,79,4
103,500,30,0,0,5,623,0,525.1231,413.80673,126.900566,79,5
103,500,30,0,0,5,610,0,464,348.46777,133.15434,80,0
103,500,30,60,0,5,895,0,729,636.3092,114.56695,80,1
103,500,30,10000,0,5,681,0,406.17825,412.60297,98.44288,80,2
103,1000,30,10000,0,5,661,0,771.8485,778.0094,99.20812,80,3
103,1000,30,0,0,5,791,0,835.47864,732.2183,114.1024,80,4
103,1000,30,60,0,5,883,1,937.81494,824.38007,113.76002,80,5
103,500,30,0,0,5,838,1,664.8912,566.71704,117.3233,81,0
103,1000,30,60,0,5,582,0,799,688.25635,116.09046,81,1
103,1000,30,10000,0,5,735,0,811,822.9808,98.54422,81,2
103,500,30,60,0,5,589,0,428,322.8768,132.5583,81,3
103,1000,30,0,0,5,749,0,883,788.6282,111.96658,81,4
103,500,30,10000,0,5,490,1,424,432.53223,98.02738,81,5
103,500,30,10000,0,5,504,1,438,444.58212,98.51948,82,0
103,500,30,0,0,5,683,0,512,389.19855,131.5524,82,1
103,500,30,60,0,5,739,0,610.3351,502.54602,121.4486,82,2
103,1000,30,60,0,5,560,0,803,706.87354,113.59882,82,3
103,1000,30,0,0,5,1153,0,1192.4142,822.2416,145.01994,82,4
103,1000,30,10000,0,5,783,0,824.65027,840.901,98.06746,82,5
103,500,30,0,0,5,705,0,616,489.1666,125.928474,83,0
103,500,30,10000,0,5,627,0,376.12115,392.0921,95.926735,83,1
103,500,30,60,0,5,631,0,656.6596,561.6336,116.91958,83,2
103,1000,30,10000,0,5,727,0,757.0441,764.59955,99.01184,83,3
103,1000,30,0,0,5,1042,0,1002.75366,890.2316,112.63963,83,4
103,1000,30,60,0,5,631,0,784,673.09,116.47773,83,5
103,500,30,10000,0,5,493,0,453,457.3696,99.044624,84,0
103,500,30,60,0,5,737,0,627,507.6495,123.51041,84,1
103,1000,30,0,0,5,648,0,906,810.3903,111.79797,84,2
103,500,30,0,0,5,702,0,696.2089,586.875,118.62985,84,3
103,1000,30,60,0,5,707,0,800,695.9825,114.94543,84,4
103,1000,30,10000,0,5,772,0,752,765.399,98.24941,84,5
103,500,30,0,0,5,560,0,559.3071,432.304,129.3782,85,0
103,1000,30,60,0,5,890,0,1022.1032,922.5587,110.79005,85,1
103,1000,30,0,0,5,926,0,1075.0645,692.40295,155.26573,85,2
103,500,30,10000,0,5,799,0,379.2862,392.80402,96.55864,85,3
103,1000,30,10000,0,5,863,0,706,732.0005,96.44802,85,4
103,500,30,60,0,5,781,0,644,543.83496,118.418274,85,5
103,1000,30,60,0,5,739,0,806.47217,694.7065,116.08819,86,0
103,1000,30,0,0,5,965,1,1233,865.6098,142.44293,86,1
103,500,30,60,0,5,649,0,592.61053,476.74442,124.30361,86,2
103,1000,30,10000,0,5,692,0,740,751.7116,98.44201,86,3
103,500,30,0,0,5,644,0,574,459.07263,125.034676,86,4
103,500,30,10000,0,5,703,0,557,571.92664,97.390114,86,5
103,1000,30,0,0,5,599,0,789.26086,667.14844,118.303635,87,0
103,1000,30,10000,0,5,706,0,732.13324,747.49506,97.94489,87,1
103,500,30,10000,0,5,559,1,541,550.88226,98.2061,87,2
103,500,30,0,0,5,632,0,648,530.4675,122.156395,87,3
103,1000,30,60,0,5,718,0,955,857.7519,111.337555,87,4
103,500,30,60,0,5,598,0,486.03357,356.66428,136.27202,87,5
104,500,30,10000,0,4,903,0,368,392.90762,93.6607,0,0
104,500,30,0,0,4,704,0,492,518.2597,94.9331,0,1
104,1000,30,10000,0,4,1202,0,811.47595,861.9281,94.14659,0,2
104,500,30,60,0,4,865,0,567,597.2106,94.94139,0,3
104,1000,30,0,0,4,642,0,775.3071,807.7822,95.97972,0,4
104,1000,30,60,0,4,753,0,852.58026,874.8681,97.45243,0,5
104,1000,30,10000,0,4,626,0,787,832.8306,94.49701,1,0
104,500,30,60,0,4,596,0,417,438.43488,95.111046,1,1
104,500,30,10000,0,4,509,0,374,396.31027,94.3705,1,2
104,1000,30,0,0,4,641,0,730,748.2263,97.564064,1,3
104,500,30,0,0,4,599,0,462,486.32224,94.99874,1,4
104,1000,30,60,0,4,588,1,745,774.8118,96.152374,1,5
104,1000,30,60,0,4,760,0,802.29834,831.3571,96.50466,2,0
104,1000,30,0,0,4,920,0,924,946.34515,97.638794,2,1
104,500,30,0,0,4,651,0,423,445.29352,94.99352,2,2
104,1000,30,10000,0,4,602,0,753,772.54156,97.47049,2,3
104,500,30,60,0,4,714,0,593,608.4077,97.46754,2,4
104,500,30,10000,0,4,515,0,385.1635,396.23703,97.20533,2,5
104,500,30,60,0,4,627,0,543.4404,571.7116,95.05499,3,0
104,500,30,10000,0,4,677,0,446,470.58493,94.775665,3,1
104,1000,30,10000,0,4,904,0,756,790.8373,95.59489,3,2
104,1000,30,60,0,4,680,0,812,846.1049,95.969185,3,3
104,500,30,0,0,4,572,0,462,483.16946,95.61862,3,4
104,1000,30,0,0,4,856,0,999,1030.2157,96.969986,3,5
104,500,30,10000,0,4,559,1,443,459.30414,96.45025,4,0
104,1000,30,60,0,4,685,0,912,941.3956,96.87744,4,1
104,500,30,60,0,4,502,0,403,420.2624,95.89247,4,2
104,500,30,0,0,4,642,0,511,547.985,93.250725,4,3
104,1000,30,0,0,4,936,0,775,819.9671,94.51598,4,4
104,1000,30,10000,0,4,764,0,732,775.8543,94.34761,4,5
104,1000,30,10000,0,4,844,0,1124,1157.3241,97.12059,5,0
104,1000,30,0,0,4,669,0,811,843.488,96.14838,5,1
104,500,30,60,0,4,703,0,555,572.1308,97.00579,5,2
104,500,30,10000,0,4,664,0,482,506.85678,95.095894,5,3
104,500,30,0,0,4,714,1,648.82837,661.89355,98.02609,5,4
104,1000,30,60,0,4,761,0,863,899.4524,95.947266,5,5
104,500,30,60,0,4,635,0,395,413.60782,95.5011,6,0
104,500,30,10000,0,4,623,1,408,421.1113,96.8865,6,1
104,1000,30,0,0,4,667,0,818,832.1359,98.30125,6,2
104,1000,30,10000,0,4,719,0,777,793.487,97.92221,6,3
104,1000,30,60,0,4,693,0,879.20764,906.79175,96.95805,6,4
104,500,30,0,0,4,547,0,439,463.39807,94.73497,6,5
104,500,30,10000,0,4,525,0,416.09073,424.07544,98.11715,7,0
104,500,30,0,0,4,677,0,542.4724,549.2824,98.7602,7,1
104,500,30,60,0,4,645,0,491.13815,513.37384,95.66872,7,2
104,1000,30,10000,0,4,703,0,844,867.8298,97.2541,7,3
104,1000,30,60,0,4,731,0,802,828.20807,96.83557,7,4
104,1000,30,0,0,4,539,0,794,811.0537,97.89734,7,5
104,500,30,60,0,4,638,0,450,460.86374,97.642746,8,0
104,1000,30,0,0,4,907,0,1085,1105.0673,98.18407,8,1
104,500,30,0,0,4,536,0,459,469.4393,97.77622,8,2
104,500,30,10000,0,4,550,0,439,453.15213,96.87696,8,3
104,1000,30,60,0,4,615,0,761,773.01794,98.44532,8,4
104,1000,30,10000,0,4,928,0,1100,1124.5677,97.81536,8,5
104,500,30,60,0,4,562,0,471,494.24146,95.297554,9,0
104,1000,30,0,0,4,712,0,753,781.6713,96.33205,9,1
104,500,30,10000,0,4,698,0,530,548.16595,96.68605,9,2
104,500,30,0,0,4,771,0,564,587.8332,95.94559,9,3
104,1000,30,10000,0,4,702,0,861,877.06915,98.16786,9,4
104,1000,30,60,0,4,676,0,868,885.8092,97.9895,9,5
104,1000,30,0,0,4,549,0,770,793.2032,97.074745,10,0
104,1000,30,10000,0,4,627,0,858.5765,871.8298,98.47983,10,1
104,1000,30,60,0,4,548,0,774,785.7863,98.50006,10,2
104,500,30,10000,0,4,566,0,450,470.49588,95.64377,10,3
104,500,30,0,0,4,564,0,374,395.43665,94.578995,10,4
104,500,30,60,0,4,535,0,421,447.15976,94.149796,10,5
104,1000,30,60,0,4,593,0,809,838.0822,96.52991,11,0
104,500,30,0,0,4,680,0,367,386.73938,94.89595,11,1
104,1000,30,0,0,4,578,1,780,800.8628,97.39496,11,2
104,1000,30,10000,0,4,712,0,773,798.7974,96.77046,11,3
104,500,30,60,0,4,623,0,525,556.2715,94.37837,11,4
104,500,30,10000,0,4,451,0,379,393.91556,96.21352,11,5
104,1000,30,60,0,4,725,0,791,825.7659,95.789856,12,0
104,1000,30,10000,0,4,659,0,767.1284,795.26953,96.46144,12,1
104,500,30,0,0,4,514,0,546,568.5202,96.0388,12,2
104,500,30,10000,0,4,515,0,376,402.48807,93.41892,12,3
104,1000,30,0,0,4,642,0,773.07446,797.59216,96.92603,12,4
104,500,30,60,0,4,634,0,483,522.00696,92.527504,12,5
104,500,30,0,0,4,553,0,412,434.0362,94.92296,13,0
104,1000,30,60,0,4,681,0,863,890.85364,96.87338,13,1
104,1000,30,0,0,4,764,0,812,841.51013,96.493195,13,2
104,1000,30,10000,0,4,714,0,988,1011.69073,97.6583,13,3
104,500,30,60,0,4,657,0,628,655.0081,95.87668,13,4
104,500,30,10000,0,4,574,0,414,440.83972,93.91168,13,5
104,500,30,10000,0,4,684,0,591.06305,608.8819,97.07352,14,0
104,1000,30,0,0,4,720,0,745,778.6594,95.67726,14,1
104,1000,30,60,0,4,731,0,1023.94464,1068.0208,95.87311,14,2
104,500,30,60,0,4,571,0,507,543.78735,93.23498,14,3
104,500,30,0,0,4,447,0,379,403.10294,94.02065,14,4
104,1000,30,10000,0,4,643,0,871.609,892.3468,97.67604,14,5
104,1000,30,0,0,4,733,0,777,804.344,96.600464,15,0
104,500,30,10000,0,4,554,0,470,492.5136,95.42883,15,1
104,500,30,0,0,4,620,1,550,575.9155,95.500114,15,2
104,500,30,60,0,4,569,0,404,420.8149,96.004196,15,3
104,1000,30,10000,0,4,608,1,710,726.08185,97.78512,15,4
104,1000,30,60,0,4,747,1,1006,1035.0254,97.19569,15,5
104,1000,30,0,0,4,588,0,790,823.0982,95.97883,16,0
104,1000,30,60,0,4,852,0,856,892.69525,95.88938,16,1
104,1000,30,10000,0,4,834,0,759,812.72034,93.39006,16,2
104,500,30,0,0,4,487,0,422,453.5587,93.041985,16,3
104,500,30,60,0,4,479,0,421,459.0824,91.70467,16,4
104,500,30,10000,0,4,654,0,527.099,549.6979,95.888855,16,5
104,500,30,10000,0,4,493,0,385,401.35425,95.92523,17,0
104,1000,30,0,0,4,688,0,788,817.47186,96.39475,17,1
104,500,30,0,0,4,586,0,435,461.73962,94.20894,17,2
104,1000,30,10000,0,4,643,1,747,778.8231,95.91395,17,3
104,1000,30,60,0,4,799,0,1124,1159.5228,96.93643,17,4
104,500,30,60,0,4,607,0,470,510.55353,92.056946,17,5
104,1000,30,10000,0,4,673,0,764,798.228,95.712,18,0
104,1000,30,0,0,4,694,0,753,777.22205,96.883514,18,1
104,1000,30,60,0,4,815,0,984,1026.9626,95.816536,18,2
104,500,30,10000,0,4,645,0,381,407.3529,93.53069,18,3
104,500,30,60,0,4,535,0,371,384.9316,96.38076,18,4
104,500,30,0,0,4,610,0,489,509.2735,96.019135,18,5
104,1000,30,10000,0,4,582,0,780,811.0381,96.17304,19,0
104,500,30,0,0,4,641,0,377,401.5438,93.88764,19,1
104,500,30,10000,0,4,495,0,359.07108,377.10458,95.2179,19,2
104,500,30,60,0,4,527,0,395,401.14212,98.46884,19,3
104,1000,30,0,0,4,817,0,803,836.299,96.01829,19,4
104,1000,30,60,0,4,593,0,735,775.0576,94.83166,19,5
104,1000,30,10000,0,4,644,0,731,762.7169,95.84158,20,0
104,1000,30,0,0,4,577,0,836.45264,863.4517,96.87312,20,1
104,500,30,0,0,4,530,0,542,569.72235,95.13406,20,2
104,500,30,10000,0,4,611,0,484,517.14734,93.59035,20,3
104,500,30,60,0,4,587,0,481,507.83987,94.71489,20,4
104,1000,30,60,0,4,564,0,711,724.6473,98.1167,20,5
104,500,30,0,0,4,541,0,462,481.87994,95.8745,21,0
104,1000,30,10000,0,4,549,0,741,779.03326,95.11789,21,1
104,500,30,10000,0,4,778,0,592.5931,608.7049,97.3531,21,2
104,1000,30,60,0,4,551,1,758,774.15076,97.91375,21,3
104,500,30,60,0,4,492,0,434,449.9617,96.45265,21,4
104,1000,30,0,0,4,578,0,872,893.1911,97.62749,21,5
104,1000,30,0,1,4,726,0,824.2186,846.84515,97.32814,22,0
104,500,30,10000,1,4,582,0,482.2826,482.2826,100,22,1
104,500,30,60,1,4,630,0,409.81104,409.81104,100,22,2
104,1000,30,60,1,4,916,0,788.3478,788.3478,100,22,3
104,1000,30,10000,1,4,826,0,963.0024,963.1647,99.98315,22,4
104,500,30,0,1,4,798,0,626.7463,626.7463,100,22,5
104,1000,30,10000,1,4,711,0,791.5092,791.5092,100,23,0
104,1000,30,0,1,4,683,0,822.8913,822.8913,100,23,1
104,500,30,0,1,4,636,0,467.6941,467.6941,100,23,2
104,1000,30,60,1,4,619,1,761.12756,761.12756,100,23,3
104,500,30,10000,1,4,497,0,414.49274,414.49274,100,23,4
104,500,30,60,1,4,704,0,519.8418,519.8418,100,23,5
104,500,30,10000,1,4,665,0,438.63043,438.63043,100,24,0
104,1000,30,60,1,4,699,0,894.14105,894.14105,100,24,1
104,1000,30,10000,1,4,601,0,824.5366,824.5366,100,24,2
104,500,30,60,1,4,659,0,412.59564,412.59564,100,24,3
104,1000,30,0,1,4,728,0,882.9637,882.9637,100,24,4
104,500,30,0,1,4,567,0,426.0883,426.0883,100,24,5
104,500,30,60,1,4,685,0,517.8908,517.8908,100,25,0
104,1000,30,10000,1,4,803,0,796.62823,796.62823,100,25,1
104,1000,30,60,1,4,703,1,786.5286,786.5286,100,25,2
104,1000,30,0,1,4,787,0,840.8244,844.8244,99.52653,25,3
104,500,30,0,1,4,732,0,567.8629,567.8629,100,25,4
104,500,30,10000,1,4,662,0,387.36295,387.36295,100,25,5
104,500,30,0,1,4,721,1,451.17188,451.17188,100,26,0
104,500,30,60,1,4,527,1,411.66428,411.66428,100,26,1
104,1000,30,0,1,4,837,0,974.4103,974.4103,100,26,2
104,500,30,10000,1,4,542,0,403.03455,403.03455,100,26,3
104,1000,30,10000,1,4,699,0,834.42065,834.42065,100,26,4
104,1000,30,60,1,4,635,1,878.3527,878.3527,100,26,5
104,1000,30,60,1,4,854,0,756.75464,773.41144,97.84632,27,0
104,1000,30,0,1,4,760,0,870.85724,870.85724,100,27,1
104,500,30,0,1,4,587,0,439.1419,439.1419,100,27,2
104,500,30,10000,1,4,674,0,518.0677,518.0677,100,27,3
104,500,30,60,1,4,512,0,457.77682,457.77682,100,27,4
104,1000,30,10000,1,4,694,1,907.6721,908.5839,99.89964,27,5
104,1000,30,60,1,4,723,0,865.59406,865.59406,100,28,0
104,1000,30,10000,1,4,726,0,796.93994,802.5904,99.295975,28,1
104,1000,30,0,1,4,569,0,840.4396,840.4396,100,28,2
104,500,30,60,1,4,489,0,387.86432,387.86432,100,28,3
104,500,30,10000,1,4,566,0,400.4723,400.4723,100,28,4
104,500,30,0,1,4,587,0,438.8846,438.8846,100,28,5
104,500,30,10000,1,4,594,1,390.05786,390.05786,100,29,0
104,1000,30,60,1,4,709,0,856.2639,856.2639,100,29,1
104,500,30,60,1,4,596,0,460.32013,460.32013,100,29,2
104,1000,30,10000,1,4,841,0,836.9657,837.4647,99.940414,29,3
104,1000,30,0,1,4,822,0,946.4066,947.4066,99.89445,29,4
104,500,30,0,1,4,587,0,420.5019,420.5019,100,29,5
104,1000,30,0,1,4,731,1,885.75104,885.75104,100,30,0
104,500,30,10000,1,4,616,0,415.73676,415.73676,100,30,1
104,1000,30,10000,1,4,777,0,895.0495,895.0495,100,30,2
104,500,30,60,1,4,531,0,401.623,401.623,100,30,3
104,1000,30,60,1,4,674,0,869.6187,869.6187,100,30,4
104,500,30,0,1,4,753,0,522.1039,522.1039,100,30,5
104,1000,30,10000,1,4,792,0,813.6841,813.6841,100,31,0
104,500,30,10000,1,4,588,0,447.86084,447.86084,100,31,1
104,500,30,60,1,4,518,0,412.18088,412.18088,100,31,2
104,1000,30,60,1,4,797,0,764.6473,764.6473,100,31,3
104,500,30,0,1,4,496,1,402.62503,402.62503,100,31,4
104,1000,30,0,1,4,793,0,902.36383,902.36383,100,31,5
104,500,30,0,1,4,714,0,438.64612,438.64612,100,32,0
104,1000,30,60,1,4,761,0,776.14075,776.14075,100,32,1
104,500,30,10000,1,4,692,0,495.5583,495.5583,100,32,2
104,1000,30,10000,1,4,643,0,870.241,870.241,100,32,3
104,1000,30,0,1,4,787,1,800.36865,800.36865,100,32,4
104,500,30,60,1,4,759,1,529.0309,529.0309,100,32,5
104,500,30,60,1,4,556,0,441.81238,441.81238,100,33,0
104,1000,30,60,1,4,773,0,849.5788,849.5788,100,33,1
104,1000,30,0,1,4,565,0,809.859,809.859,100,33,2
104,500,30,0,1,4,746,0,573.6821,573.6821,100,33,3
104,1000,30,10000,1,4,897,0,764.54846,764.54846,100,33,4
104,500,30,10000,1,4,663,0,399.8343,399.8343,100,33,5
104,1000,30,0,1,4,785,0,986.22046,986.22046,100,34,0
104,500,30,10000,1,4,610,0,474.85178,474.85178,100,34,1
104,500,30,0,1,4,630,0,499.4917,499.4917,100,34,2
104,1000,30,10000,1,4,993,0,844.0018,846.0018,99.763596,34,3
104,1000,30,60,1,4,644,0,940.8816,940.8816,100,34,4
104,500,30,60,1,4,668,0,469.13486,469.13486,100,34,5
104,500,30,0,1,4,540,0,429.15857,429.15857,100,35,0
104,1000,30,10000,1,4,703,0,780.0721,780.0721,100,35,1
104,500,30,10000,1,4,632,1,403.31625,403.31625,100,35,2
104,500,30,60,1,4,544,0,366.91904,366.91904,100,35,3
104,1000,30,0,1,4,655,1,849.1991,849.1991,100,35,4
104,1000,30,60,1,4,920,0,777.9947,777.9947,100,35,5
104,1000,30,60,1,4,1007,0,1169.4567,1169.4567,100,36,0
104,1000,30,10000,1,4,767,0,892.11505,892.11505,100,36,1
104,500,30,60,1,4,729,0,652.3187,652.3187,100,36,2
104,1000,30,0,1,4,683,0,783.0802,783.0802,100,36,3
104,500,30,10000,1,4,549,0,407.85428,407.85428,100,36,4
104,500,30,0,1,4,592,0,477.23953,477.23953,100,36,5
104,500,30,0,1,4,691,0,396.82706,396.82706,100,37,0
104,500,30,60,1,4,655,0,482.8755,482.8755,100,37,1
104,1000,30,0,1,4,720,0,857.80176,857.80176,100,37,2
104,1000,30,60,1,4,688,1,778.62396,779.9245,99.83325,37,3
104,1000,30,10000,1,4,880,0,1226.1832,1226.1832,100,37,4
104,500,30,10000,1,4,579,0,462.2182,462.2182,100,37,5
104,500,30,60,1,4,601,0,475.45242,475.45242,100,38,0
104,500,30,0,1,4,497,0,456.4655,456.4655,100,38,1
104,1000,30,0,1,4,689,0,777.44006,782.85425,99.30841,38,2
104,1000,30,60,1,4,666,0,827.356,827.356,100,38,3
104,1000,30,10000,1,4,770,0,909.22546,909.22546,100,38,4
104,500,30,10000,1,4,503,0,402.8887,402.8887,100,38,5
104,1000,30,60,1,4,684,0,855.4451,855.4451,100,39,0
104,500,30,10000,1,4,534,0,421.92578,421.92578,100,39,1
104,500,30,0,1,4,602,1,482.0035,482.0035,100,39,2
104,1000,30,0,1,4,980,0,753.04987,753.04987,100,39,3
104,500,30,60,1,4,585,0,499.84064,499.84064,100,39,4
104,1000,30,10000,1,4,867,0,929.7736,929.7736,100,39,5
104,1000,30,10000,1,4,761,0,831.18365,844.7803,98.39051,40,0
104,1000,30,0,1,4,692,0,838.40894,838.40894,100,40,1
104,500,30,0,1,4,725,0,534.24756,534.24756,100,40,2
104,1000,30,60,1,4,726,0,888.8115,888.8115,100,40,3
104,500,30,60,1,4,624,0,465.24335,468.89362,99.22151,40,4
104,500,30,10000,1,4,726,0,412.42236,412.42236,100,40,5
104,1000,30,0,1,4,741,1,848.25653,849.8744,99.80963,41,0
104,500,30,0,1,4,522,0,443.64633,443.64633,100,41,1
104,500,30,10000,1,4,660,0,498.72263,498.72263,100,41,2
104,1000,30,60,1,4,794,0,898.3533,898.3533,100,41,3
104,500,30,60,1,4,690,0,397.44928,397.44928,100,41,4
104,1000,30,10000,1,4,831,0,922.43884,922.43884,100,41,5
104,1000,30,60,1,4,864,0,983.49347,983.49347,100,42,0
104,1000,30,0,1,4,863,0,780.82227,780.82227,100,42,1
104,500,30,0,1,4,585,1,452.72522,452.72522,100,42,2
104,1000,30,10000,1,4,603,1,803.0364,803.0364,100,42,3
104,500,30,10000,1,4,659,0,448.80505,448.96735,99.96385,42,4
104,500,30,60,1,4,677,0,467.5638,467.5638,100,42,5
104,500,30,60,1,4,531,0,389.3237,389.3237,100,43,0
104,1000,30,60,1,4,654,0,750.2051,750.2051,100,43,1
104,500,30,10000,1,4,600,0,464.80768,464.80768,100,43,2
104,1000,30,0,1,4,975,0,1064.8064,1064.8064,100,43,3
104,500,30,0,1,4,649,0,541.0185,541.0185,100,43,4
104,1000,30,10000,1,4,748,0,780.9814,780.9814,100,43,5
104,500,30,10000,0,5,532,0,486.09735,491.86176,98.82804,44,0
104,1000,30,10000,0,5,526,0,797.0678,814.8049,97.82316,44,1
104,500,30,0,0,5,646,1,670,434.7959,154.09529,44,2
104,1000,30,0,0,5,840,0,865.2813,756.9072,114.318016,44,3
104,1000,30,60,0,5,774,0,1045.2612,937.9348,111.44284,44,4
104,500,30,60,0,5,555,0,435.63162,315.32904,138.15144,44,5
104,1000,30,0,0,5,529,0,770.4121,656.4335,117.36332,45,0
104,1000,30,60,0,5,601,1,802.4456,687.6518,116.69359,45,1
104,500,30,0,0,5,832,0,675.9714,556.5321,121.46134,45,2
104,1000,30,10000,0,5,936,0,758.69885,775.11383,97.88225,45,3
104,500,30,60,0,5,587,0,496,381.051,130.1663,45,4
104,500,30,10000,0,5,634,1,365,377.99097,96.563156,45,5
104,1000,30,60,0,5,609,1,838,758.29456,110.51115,46,0
104,1000,30,10000,0,5,753,0,748.5373,761.28564,98.32542,46,1
104,500,30,10000,0,5,551,0,478.18127,490.72,97.44483,46,2
104,500,30,60,0,5,737,0,515,421.13477,122.28864,46,3
104,1000,30,0,0,5,809,0,880,762.5439,115.4032,46,4
104,500,30,0,0,5,683,0,500,398.09488,125.598206,46,5
104,500,30,10000,0,5,749,0,371.1623,384.32956,96.57397,47,0
104,1000,30,10000,0,5,789,0,937,951.7884,98.44625,47,1
104,500,30,0,0,5,603,0,490.48346,367.51944,133.45782,47,2
104,1000,30,0,0,5,1167,0,1203.4672,829.24255,145.1285,47,3
104,500,30,60,0,5,727,0,573.51215,450.70383,127.24812,47,4
104,1000,30,60,0,5,989,0,803.7734,678.24084,118.50855,47,5
104,500,30,60,0,5,668,0,545.8473,423.35718,128.93304,48,0
104,1000,30,10000,0,5,747,0,932.5479,947.519,98.41997,48,1
104,500,30,0,0,5,659,0,637.487,528.3392,120.65867,48,2
104,500,30,10000,0,5,487,1,434,444.97113,97.53442,48,3
104,1000,30,0,0,5,967,0,1100.885,711.97363,154.6244,48,4
104,1000,30,60,0,5,629,0,733.24255,621.6084,117.958916,48,5
104,500,30,60,0,5,631,0,560.56506,432.15244,129.71466,49,0
104,1000,30,0,0,5,1041,0,913.78986,794.7729,114.97496,49,1
104,500,30,0,0,5,769,0,569.09033,447.6839,127.11879,49,2
104,500,30,10000,0,5,597,0,385.88412,397.30713,97.12489,49,3
104,1000,30,60,0,5,979,0,794.8993,680.38495,116.83081,49,4
104,1000,30,10000,0,5,572,0,730.15436,733.67,99.52081,49,5
104,500,30,0,0,5,708,0,641.31506,530.603,120.86532,50,0
104,1000,30,60,0,5,800,0,899.58215,787.8843,114.17694,50,1
104,1000,30,10000,0,5,744,0,783.2816,806.5672,97.113,50,2
104,500,30,10000,0,5,660,0,376,394.35654,95.34519,50,3
104,500,30,60,0,5,602,0,501,396.0079,126.51262,50,4
104,1000,30,0,0,5,808,0,835,741.44543,112.61786,50,5
104,500,30,0,0,5,628,0,653.4107,538.2044,121.40567,51,0
104,500,30,10000,0,5,632,0,392.1497,404.19247,97.02053,51,1
104,1000,30,0,0,5,644,0,789,676.79034,116.57967,51,2
104,1000,30,60,0,5,945,0,1153.0076,767.80634,150.16907,51,3
104,1000,30,10000,0,5,685,0,751.9162,770.1861,97.62786,51,4
104,500,30,60,0,5,640,0,607.45435,499.90866,121.51307,51,5
104,500,30,0,0,5,853,0,694,573.3266,121.047935,52,0
104,1000,30,60,0,5,947,0,850.1623,727.21625,116.906395,52,1
104,1000,30,0,0,5,582,0,760,649.5191,117.00964,52,2
104,500,30,60,0,5,756,0,663.0442,548.91895,120.79091,52,3
104,1000,30,10000,0,5,719,0,722.83856,749.8308,96.40022,52,4
104,500,30,10000,0,5,626,1,369.4956,395.49802,93.4254,52,5
104,500,30,0,0,5,663,0,526.1458,412.035,127.69444,53,0
104,1000,30,10000,0,5,975,0,899.0781,918.3558,97.90085,53,1
104,500,30,60,0,5,636,0,448,345.55624,129.64604,53,2
104,500,30,10000,0,5,696,0,395.09106,401.97763,98.286835,53,3
104,1000,30,60,0,5,655,0,904.0621,799.5755,113.06776,53,4
104,1000,30,0,0,5,704,0,937.1935,816.84344,114.73355,53,5
104,1000,30,10000,0,5,950,0,887,893.9336,99.22437,54,0
104,500,30,0,0,5,648,0,515.8607,397.83914,129.66565,54,1
104,1000,30,0,0,5,807,0,850.089,723.0637,117.56765,54,2
104,1000,30,60,0,5,688,0,898,787.4094,114.04487,54,3
104,500,30,10000,0,5,816,0,474,483.04657,98.12719,54,4
104,500,30,60,0,5,588,0,509,395.84564,128.58546,54,5
104,1000,30,60,0,5,582,0,747,630.24365,118.52559,55,0
104,1000,30,0,0,5,664,0,777.30054,651.8095,119.252716,55,1
104,500,30,10000,0,5,615,0,533.18713,544.58734,97.90663,55,2
104,500,30,0,0,5,583,0,495.14838,383.8703,128.98846,55,3
104,500,30,60,0,5,687,0,521.8416,404.37674,129.04837,55,4
104,1000,30,10000,0,5,660,0,824.6541,855.7921,96.3615,55,5
104,500,30,0,0,5,832,1,616,530.62787,116.08889,56,0
104,1000,30,10000,0,5,893,0,714,742.2751,96.19076,56,1
104,500,30,10000,0,5,532,0,424,438.42914,96.7089,56,2
104,1000,30,60,0,5,624,1,749,650.07056,115.21826,56,3
104,1000,30,0,0,5,890,0,862.7388,753.1166,114.55581,56,4
104,500,30,60,0,5,682,0,553.5214,447.27515,123.75412,56,5
104,500,30,0,0,5,676,0,534,426.83163,125.10787,57,0
104,1000,30,10000,0,5,640,0,741,763.9915,96.9906,57,1
104,1000,30,0,0,5,1015,0,959.5619,860.68005,111.48881,57,2
104,1000,30,60,0,5,644,0,788.3984,674.7282,116.84681,57,3
104,500,30,10000,0,5,566,0,389,402.49857,96.64631,57,4
104,500,30,60,0,5,613,0,559.41235,434.74695,128.67538,57,5
104,500,30,10000,0,5,710,0,511.24265,521.1477,98.09937,58,0
104,1000,30,0,0,5,1093,0,1133.5636,751.33417,150.87343,58,1
104,1000,30,10000,0,5,553,1,764,774.7908,98.60727,58,2
104,500,30,0,0,5,576,0,397,284.2363,139.67252,58,3
104,500,30,60,0,5,628,1,641.94745,529.4953,121.23761,58,4
104,1000,30,60,0,5,545,1,731,625.21014,116.920685,58,5
104,1000,30,60,0,5,765,0,857.52026,752.58124,113.94388,59,0
104,500,30,0,0,5,626,0,525,412.4682,127.28254,59,1
104,500,30,10000,0,5,660,1,431,440.9805,97.73675,59,2
104,1000,30,0,0,5,546,0,775,671.6116,115.39408,59,3
104,1000,30,10000,0,5,697,0,782.52454,799.27423,97.90438,59,4
104,500,30,60,0,5,754,0,602,482.88425,124.667564,59,5
104,1000,30,10000,0,5,740,0,742.62555,766.2003,96.92316,60,0
104,500,30,0,0,5,623,0,598.9655,487.5704,122.846985,60,1
104,500,30,60,0,5,759,0,640,527.2679,121.380424,60,2
104,1000,30,0,0,5,572,0,744.4142,619.76337,120.11265,60,3
104,500,30,10000,0,5,792,0,411,420.2382,97.80168,60,4
104,1000,30,60,0,5,582,1,730.4334,605.4802,120.63704,60,5
104,500,30,10000,0,5,493,0,481.518,487.3223,98.808945,61,0
104,1000,30,0,0,5,708,0,847,733.5056,115.47288,61,1
104,1000,30,60,0,5,869,0,938.58014,831.232,112.914345,61,2
104,500,30,60,0,5,735,0,519,409.43842,126.758995,61,3
104,500,30,0,0,5,570,0,387,263.7738,146.71661,61,4
104,1000,30,10000,0,5,715,0,757.25085,773.5,97.89927,61,5
104,1000,30,10000,0,5,809,0,766.9623,782.4306,98.02305,62,0
104,500,30,60,0,5,627,0,474.65027,353.1695,134.39731,62,1
104,500,30,10000,0,5,644,0,431.82843,440.9403,97.93354,62,2
104,500,30,0,0,5,714,0,685.04767,566.0592,121.02049,62,3
104,1000,30,0,0,5,855,0,931.1454,832.2338,111.88507,62,4
104,1000,30,60,0,5,708,0,836,716.6088,116.66058,62,5
104,500,30,10000,0,5,630,0,391,412.71222,94.739136,63,0
104,1000,30,10000,0,5,622,0,724.67957,735.06396,98.58728,63,1
104,500,30,0,0,5,642,0,499.31882,379.69217,131.50621,63,2
104,500,30,60,0,5,793,0,623,518.0901,120.24935,63,3
104,1000,30,0,0,5,1017,0,1136,771.5211,147.2416,63,4
104,1000,30,60,0,5,685,0,854.88635,729.3091,117.21866,63,5
104,500,30,60,0,5,796,0,615.099,513.3186,119.82791,64,0
104,500,30,10000,0,5,726,0,380,399.93634,95.01512,64,1
104,1000,30,0,0,5,1397,0,1452.4142,1097.7048,132.31372,64,2
104,1000,30,60,0,5,726,0,1084,702.76575,154.2477,64,3
104,1000,30,10000,0,5,725,0,761.4142,782.63556,97.288475,64,4
104,500,30,0,0,5,576,0,508,385.0625,131.92664,64,5
104,1000,30,0,0,5,709,0,888,785.67236,113.02421,65,0
104,1000,30,10000,0,5,655,0,763,773.1718,98.6844,65,1
104,1000,30,60,0,5,593,0,884.135,778.854,113.517426,65,2
104,500,30,60,0,5,682,0,597.0957,483.8467,123.40597,65,3
104,500,30,0,0,5,708,0,416,293.40234,141.78482,65,4
104,500,30,10000,0,5,665,0,366,378.3256,96.74207,65,5
104,500,30,60,1,5,630,1,523.5122,525.58325,99.60596,66,0
104,1000,30,60,1,5,831,0,817.0868,817.0868,100,66,1
104,1000,30,0,1,5,743,0,796.499,798.2347,99.78256,66,2
104,500,30,10000,1,5,659,0,378.93005,378.93005,100,66,3
104,1000,30,10000,1,5,731,0,744.942,744.942,100,66,4
104,500,30,0,1,5,666,0,432.56436,432.56436,100,66,5
104,1000,30,60,1,5,657,0,785.70087,785.70087,100,67,0
104,500,30,10000,1,5,629,1,364.59012,364.59012,100,67,1
104,500,30,60,1,5,597,0,380.72986,380.72986,100,67,2
104,500,30,0,1,5,562,1,397.59888,397.59888,100,67,3
104,1000,30,0,1,5,733,0,765.6555,767.3324,99.78146,67,4
104,1000,30,10000,1,5,820,0,855.07135,855.07135,100,67,5
104,500,30,60,1,5,642,0,479.0879,479.0879,100,68,0
104,500,30,10000,1,5,625,0,382.17654,384.21918,99.46837,68,1
104,1000,30,0,1,5,746,0,829.2916,829.2916,100,68,2
104,1000,30,10000,1,5,793,0,846.558,846.558,100,68,3
104,500,30,0,1,5,585,0,421.40744,427.8323,98.498276,68,4
104,1000,30,60,1,5,725,0,885.7558,885.7558,100,68,5
104,500,30,60,1,5,700,0,597.0284,597.0284,100,69,0
104,500,30,0,1,5,508,0,402.6335,402.6335,100,69,1
104,1000,30,60,1,5,619,1,760.1985,760.1985,100,69,2
104,500,30,10000,1,5,611,0,397.6048,397.6048,100,69,3
104,1000,30,10000,1,5,673,0,810.74664,810.74664,100,69,4
104,1000,30,0,1,5,670,0,955.9353,955.9353,100,69,5
104,500,30,60,1,5,605,0,493.37302,493.37302,100,70,0
104,500,30,0,1,5,509,0,407.683,407.683,100,70,1
104,1000,30,10000,1,5,779,0,835.77875,835.77875,100,70,2
104,1000,30,0,1,5,719,0,967.8344,967.8344,100,70,3
104,500,30,10000,1,5,580,1,580.6514,580.6514,100,70,4
104,1000,30,60,1,5,742,0,856.5661,856.5661,100,70,5
104,1000,30,60,1,5,662,0,909.531,909.531,100,71,0
104,500,30,60,1,5,539,1,401.23785,401.23785,100,71,1
104,1000,30,10000,1,5,667,0,816.0449,816.0449,100,71,2
104,500,30,10000,1,5,640,0,539.96875,539.96875,100,71,3
104,500,30,0,1,5,604,0,384.09998,385.34528,99.676834,71,4
104,1000,30,0,1,5,625,0,805.8441,805.8441,100,71,5
104,500,30,0,1,5,499,0,420.9936,420.9936,100,72,0
104,1000,30,60,1,5,675,0,797.77576,797.77576,100,72,1
104,500,30,10000,1,5,581,0,619.21375,619.21375,100,72,2
104,500,30,60,1,5,562,0,373.1891,373.1891,100,72,3
104,1000,30,0,1,5,674,0,755.3139,760.13196,99.36616,72,4
104,1000,30,10000,1,5,647,0,815.35443,815.35443,100,72,5
104,1000,30,10000,1,5,591,0,772.55743,772.55743,100,73,0
104,1000,30,60,1,5,653,0,874.15765,874.15765,100,73,1
104,500,30,60,1,5,573,0,471.66498,471.66498,100,73,2
104,500,30,10000,1,5,564,0,407.74536,407.74536,100,73,3
104,1000,30,0,1,5,778,0,1117.4143,1117.4143,100,73,4
104,500,30,0,1,5,562,0,469.31207,469.31207,100,73,5
104,1000,30,60,1,5,559,1,791.1711,791.1711,100,74,0
104,500,30,10000,1,5,571,0,460.11383,460.11383,100,74,1
104,1000,30,10000,1,5,641,0,816.024,816.024,100,74,2
104,500,30,60,1,5,526,0,459.71304,459.71304,100,74,3
104,1000,30,0,1,5,744,0,801.6533,801.6533,100,74,4
104,500,30,0,1,5,586,0,451.85803,451.85803,100,74,5
104,1000,30,0,1,5,698,0,786.7737,788.87756,99.73331,75,0
104,500,30,60,1,5,599,0,502.89532,502.89532,100,75,1
104,1000,30,10000,1,5,634,0,768.9405,769.80707,99.88743,75,2
104,500,30,10000,1,5,536,0,424.47336,424.47336,100,75,3
104,500,30,0,1,5,577,0,490.02988,490.02988,100,75,4
104,1000,30,60,1,5,583,0,750.9243,750.9243,100,75,5
104,500,30,0,1,5,1007,0,784.7163,516.7163,151.86598,76,0
104,1000,30,0,1,5,625,0,756.4142,761.0284,99.39369,76,1
104,500,30,60,1,5,515,0,418.96277,418.96277,100,76,2
104,500,30,10000,1,5,671,0,556.7787,556.7787,100,76,3
104,1000,30,60,1,5,602,0,923.2631,923.2631,100,76,4
104,1000,30,10000,1,5,670,0,835.01526,835.01526,100,76,5
104,500,30,10000,1,5,553,0,374.9337,374.9337,100,77,0
104,1000,30,60,1,5,666,1,923.0651,923.0651,100,77,1
104,1000,30,10000,1,5,829,0,886.69946,886.69946,100,77,2
104,500,30,0,1,5,660,0,468.7434,468.7434,100,77,3
104,1000,30,0,1,5,695,0,901.70245,901.70245,100,77,4
104,500,30,60,1,5,576,0,422.21988,422.21988,100,77,5
104,500,30,0,1,5,629,0,509.80612,509.80612,100,78,0
104,500,30,60,1,5,598,0,435.67026,435.67026,100,78,1
104,1000,30,0,1,5,621,0,1082.0308,818.309,132.22765,78,2
104,1000,30,60,1,5,865,0,1076.1125,809.5231,132.93167,78,3
104,1000,30,10000,1,5,690,0,871.50183,871.50183,100,78,4
104,500,30,10000,1,5,522,0,490.34106,490.34106,100,78,5
104,1000,30,60,1,5,697,0,902.7397,902.7397,100,79,0
104,500,30,0,1,5,699,1,405.96967,424.74887,95.57875,79,1
104,500,30,60,1,5,613,0,469.17004,469.17004,100,79,2
104,1000,30,10000,1,5,704,0,854.5303,858.3246,99.557945,79,3
104,1000,30,0,1,5,931,0,767.9441,781.5139,98.26365,79,4
104,500,30,10000,1,5,607,0,496.3043,496.3043,100,79,5
104,1000,30,60,1,5,676,0,883.15814,883.15814,100,80,0
104,1000,30,0,1,5,600,0,793.13293,797.3755,99.46793,80,1
104,1000,30,10000,1,5,636,0,779.47174,779.47174,100,80,2
104,500,30,10000,1,5,622,0,473.93234,473.93234,100,80,3
104,500,30,0,1,5,597,0,462.19504,462.19504,100,80,4
104,500,30,60,1,5,591,0,371.28458,371.28458,100,80,5
104,1000,30,60,1,5,724,0,862.21136,862.21136,100,81,0
104,500,30,0,1,5,648,0,692.659,424.6592,163.10938,81,1
104,500,30,10000,1,5,578,0,425.5253,425.5253,100,81,2
104,1000,30,0,1,5,659,1,793.3088,795.0037,99.7868,81,3
104,500,30,60,1,5,518,0,424.2287,424.2287,100,81,4
104,1000,30,10000,1,5,709,0,943.7097,943.7097,100,81,5
104,1000,30,10000,1,5,781,0,961.2764,961.2764,100,82,0
104,500,30,10000,1,5,591,0,383.29242,383.29242,100,82,1
104,500,30,60,1,5,713,0,662.31854,662.31854,100,82,2
104,500,30,0,1,5,605,0,636.4172,636.4172,100,82,3
104,1000,30,60,1,5,616,1,876.2662,876.2662,100,82,4
104,1000,30,0,1,5,609,0,914.4573,914.4573,100,82,5
104,500,30,10000,1,5,734,0,486.67014,486.67014,100,83,0
104,1000,30,0,1,5,768,0,1042.1909,1042.1909,100,83,1
104,1000,30,60,1,5,607,1,814.85284,814.85284,100,83,2
104,500,30,0,1,5,632,0,416.8218,418.04465,99.70748,83,3
104,500,30,60,1,5,571,0,459.51196,459.51196,100,83,4
104,1000,30,10000,1,5,649,0,798.56995,798.56995,100,83,5
104,1000,30,10000,1,5,689,0,786.69745,786.69745,100,84,0
104,500,30,0,1,5,598,0,495.79648,495.79648,100,84,1
104,1000,30,0,1,5,532,0,762.6018,762.6018,100,84,2
104,500,30,10000,1,5,496,0,422.0124,422.0124,100,84,3
104,500,30,60,1,5,547,1,413.67776,413.67776,100,84,4
104,1000,30,60,1,5,655,0,828.2173,828.2627,99.994514,84,5
104,1000,30,0,1,5,820,0,768.31226,773.07666,99.383705,85,0
104,1000,30,10000,1,5,765,0,763.8769,763.8769,100,85,1
104,500,30,0,1,5,644,1,482.5702,482.5702,100,85,2
104,500,30,60,1,5,483,0,415.56635,415.56635,100,85,3
104,1000,30,60,1,5,614,0,900.61005,900.61005,100,85,4
104,500,30,10000,1,5,597,0,374.7585,374.7585,100,85,5
104,500,30,60,1,5,682,0,422.79654,422.79654,100,86,0
104,1000,30,60,1,5,632,0,838.4248,838.4248,100,86,1
104,500,30,0,1,5,492,0,400.15442,400.15442,100,86,2
104,1000,30,0,1,5,707,0,803.825,803.825,100,86,3
104,1000,30,10000,1,5,657,0,738.67535,738.67535,100,86,4
104,500,30,10000,1,5,600,1,400.94345,400.94345,100,86,5
104,500,30,10000,1,5,650,0,423.06665,423.06665,100,87,0
104,500,30,60,1,5,666,0,503.6794,503.6794,100,87,1
104,500,30,0,1,5,541,0,429.93637,429.93637,100,87,2
104,1000,30,60,1,5,724,0,864.47144,864.47144,100,87,3
104,1000,30,0,1,5,783,0,797.58093,806.34467,98.913155,87,4
104,1000,30,10000,1,5,789,1,903.6286,903.6286,100,87,5
105,500,30,10000,0,5,777,1,384,402.06705,95.50646,0,0
105,1000,30,0,0,5,711,0,795,676.03357,117.59771,0,1
105,1000,30,60,0,5,625,0,758,645.3321,117.4589,0,2
105,500,30,60,0,5,697,0,532.0749,418.22604,127.22185,0,3
105,500,30,0,0,5,716,0,483.20386,385.94403,125.2005,0,4
105,1000,30,10000,0,5,858,0,735.11536,758.242,96.94997,0,5
105,500,30,10000,0,5,721,0,521.3706,533.3244,97.75863,1,0
105,500,30,0,0,5,757,0,645,533.5207,120.89503,1,1
105,1000,30,60,0,5,675,0,918,814.8517,112.65854,1,2
105,1000,30,0,0,5,759,0,874.11383,756.2671,115.582695,1,3
105,500,30,60,0,5,499,0,398,273.0958,145.7364,1,4
105,1000,30,10000,0,5,664,0,757,765.7188,98.86135,1,5
105,500,30,60,0,5,788,0,653,552.9529,118.09324,2,0
105,1000,30,60,0,5,534,0,767.47217,655.95825,117.00015,2,1
105,500,30,0,0,5,669,0,537,428.9954,125.17617,2,2
105,1000,30,10000,0,5,653,0,746,758.792,98.31416,2,3
105,1000,30,0,0,5,710,0,828.30054,722.7131,114.60987,2,4
105,500,30,10000,0,5,596,0,387,396.6993,97.555,2,5
105,1000,30,60,0,5,636,0,797.19794,686.96716,116.046,3,0
105,1000,30,10000,0,5,628,1,770,779.5486,98.775116,3,1
105,500,30,0,0,5,847,1,619.1947,373.83826,165.63171,3,2
105,1000,30,0,0,5,718,0,864,765.4882,112.86914,3,3
105,500,30,10000,0,5,551,0,429,434.462,98.74281,3,4
105,500,30,60,0,5,659,0,551,446.75635,123.33344,3,5
105,1000,30,10000,0,5,730,0,710,723.1757,98.17808,4,0
105,500,30,0,0,5,614,0,586,476.3585,123.016594,4,1
105,500,30,10000,0,5,530,0,424.05396,429.46817,98.73932,4,2
105,500,30,60,0,5,636,0,495,370.81857,133.48846,4,3
105,1000,30,0,0,5,897,0,855.9191,732.908,116.78397,4,4
105,1000,30,60,0,5,698,0,829.8773,730.61993,113.585365,4,5
105,500,30,0,0,5,565,0,464,334.1502,138.85971,5,0
105,500,30,10000,0,5,488,1,422,429.96356,98.14785,5,1
105,1000,30,0,0,5,721,0,980.3246,885.0865,110.76032,5,2
105,500,30,60,0,5,535,0,422,306.86908,137.51793,5,3
105,1000,30,60,0,5,549,0,827,703.2469,117.59739,5,4
105,1000,30,10000,0,5,783,0,783,790.1048,99.100784,5,5
105,500,30,0,0,5,623,0,599,499.96832,119.80759,6,0
105,1000,30,10000,0,5,669,0,750,759.53644,98.74444,6,1
105,1000,30,0,0,5,943,0,808,702.10516,115.08248,6,2
105,500,30,10000,0,5,682,0,480,488.23047,98.314224,6,3
105,500,30,60,0,5,746,0,521.5765,399.9043,130.42532,6,4
105,1000,30,60,0,5,600,0,786,667.2535,117.79631,6,5
105,500,30,10000,0,5,583,0,456,467.17322,97.60834,7,0
105,1000,30,0,0,5,842,0,1284.2361,902.9947,142.21968,7,1
105,1000,30,10000,0,5,748,1,818.0535,836.60156,97.782936,7,2
105,500,30,0,0,5,710,0,531,414.80157,128.01302,7,3
105,1000,30,60,0,5,610,0,802.5144,678.82684,118.22078,7,4
105,500,30,60,0,5,871,0,676.8667,578.77386,116.94839,7,5
105,500,30,0,0,5,702,0,534,425.51376,125.49535,8,0
105,1000,30,10000,0,5,851,0,753.9581,776.6656,97.076294,8,1
105,1000,30,0,0,5,695,1,958,856.1175,111.900536,8,2
105,500,30,10000,0,5,503,0,381.87863,387.7761,98.47916,8,3
105,500,30,60,0,5,684,0,592,486.96173,121.57012,8,4
105,1000,30,60,0,5,634,0,737.64124,616.2925,119.69012,8,5
105,1000,30,60,0,5,665,0,854.4809,759.69666,112.476585,9,0
105,500,30,60,0,5,702,0,526,422.56732,124.47721,9,1
105,1000,30,0,0,5,785,0,827,704.8065,117.337166,9,2
105,1000,30,10000,0,5,751,0,797,814.57764,97.84212,9,3
105,500,30,0,0,5,744,0,632,514.3699,122.86879,9,4
105,500,30,10000,0,5,593,0,365,373.96414,97.602936,9,5
105,500,30,0,0,5,711,0,563,442.61444,127.198746,10,0
105,1000,30,60,0,5,696,1,801,701.29266,114.21765,10,1
105,500,30,10000,0,5,633,0,495,503.77686,98.25779,10,2
105,500,30,60,0,5,695,0,679.29144,571.3053,118.90166,10,3
105,1000,30,0,0,5,631,0,817.58264,702.49646,116.382454,10,4
105,1000,30,10000,0,5,567,0,789,801.69196,98.416855,10,5
105,1000,30,0,0,5,671,0,1001.20557,885.6386,113.048996,11,0
105,1000,30,10000,0,5,795,0,703.1036,723.69855,97.154205,11,1
105,500,30,0,0,5,701,0,540.32306,430.84332,125.41057,11,2
105,1000,30,60,0,5,837,0,934.0133,836.97845,111.593475,11,3
105,500,30,60,0,5,801,0,559.54675,439.6557,127.2693,11,4
105,500,30,10000,0,5,759,0,358,369.29932,96.94034,11,5
105,500,30,0,0,5,547,0,498,387.90768,128.38106,12,0
105,500,30,10000,0,5,665,0,394,411.61353,95.720856,12,1
105,1000,30,0,0,5,650,1,985,742.6304,132.63664,12,2
105,500,30,60,0,5,634,0,595.07263,480.1677,123.93017,12,3
105,1000,30,60,0,5,560,1,800,698.166,114.58592,12,4
105,1000,30,10000,0,5,615,0,738,749.0861,98.52005,12,5
105,500,30,60,0,5,726,0,551.35925,438.26224,125.805786,13,0
105,1000,30,60,0,5,727,1,980.3125,891.0637,110.015976,13,1
105,500,30,0,0,5,625,0,553,439.82892,125.730705,13,2
105,500,30,10000,0,5,654,0,364.21765,378.88242,96.12947,13,3
105,1000,30,0,0,5,752,0,847,742.54364,114.067375,13,4
105,1000,30,10000,0,5,772,0,750,769.71936,97.43811,13,5
105,1000,30,10000,0,5,732,0,733,745.86285,98.275444,14,0
105,500,30,60,0,5,546,0,381,272.80508,139.66016,14,1
105,500,30,10000,0,5,664,0,539.0242,549.4587,98.10095,14,2
105,1000,30,60,0,5,537,0,815,697.2208,116.89266,14,3
105,500,30,0,0,5,734,0,485.5366,363.59366,133.53824,14,4
105,1000,30,0,0,5,554,0,771,667.80414,115.45302,14,5
105,500,30,10000,0,5,571,0,498.1906,515.4282,96.65567,15,0
105,1000,30,60,0,5,627,0,788,693.9348,113.555336,15,1
105,1000,30,0,0,5,824,0,860.1623,749.82367,114.71528,15,2
105,1000,30,10000,0,5,724,0,807.64764,833.98645,96.84182,15,3
105,500,30,60,0,5,577,0,408,297.10965,137.32303,15,4
105,500,30,0,0,5,720,0,577,458.97333,125.71536,15,5
105,1000,30,0,0,5,632,0,782,658.9468,118.67423,16,0
105,1000,30,10000,0,5,720,0,727,748.7882,97.0902,16,1
105,500,30,0,0,5,635,0,637.57025,526.62317,121.06764,16,2
105,500,30,60,0,5,751,0,603.9227,482.02835,125.2878,16,3
105,1000,30,60,0,5,602,1,871.92737,750.2601,116.21668,16,4
105,500,30,10000,0,5,631,0,370,395.53705,93.5437,16,5
105,1000,30,10000,0,5,731,0,785,798.1853,98.34808,17,0
105,1000,30,0,0,5,720,0,1192.0646,805.5524,147.981,17,1
105,500,30,10000,0,5,552,0,411,416.2922,98.72873,17,2
105,500,30,0,0,5,689,0,730.2361,624.7067,116.892624,17,3
105,500,30,60,0,5,653,0,448.65027,330.18555,135.87823,17,4
105,1000,30,60,0,5,632,0,892.5373,781.88715,114.15168,17,5
105,1000,30,0,0,5,695,0,982.06226,897.31,109.445145,18,0
105,1000,30,10000,0,5,528,0,788,795.7294,99.02864,18,1
105,500,30,60,0,5,651,0,650,535.6838,121.34024,18,2
105,1000,30,60,0,5,693,1,913.49695,809.6357,112.82815,18,3
105,500,30,0,0,5,690,0,637.2517,530.62335,120.09492,18,4
105,500,30,10000,0,5,593,0,455.04773,464.71683,97.91936,18,5
105,500,30,10000,0,5,647,0,365,379.68246,96.132965,19,0
105,1000,30,10000,0,5,633,0,746.24255,754.52814,98.901886,19,1
105,500,30,0,0,5,782,0,858.4256,737.3807,116.41553,19,2
105,1000,30,0,0,5,557,0,768.16925,660.5056,116.300186,19,3
105,1000,30,60,0,5,529,0,766.3552,651.047,117.7112,19,4
105,500,30,60,0,5,761,1,700.3293,577.48755,121.27175,19,5
105,1000,30,10000,0,5,811,0,799.98157,816.41205,97.98748,20,0
105,500,30,0,0,5,675,0,579.4136,468.06378,123.78945,20,1
105,1000,30,0,0,5,779,1,959,851.69604,112.59886,20,2
105,500,30,10000,0,5,765,0,366.59595,380.77515,96.27623,20,3
105,1000,30,60,0,5,719,0,873.4627,758.962,115.086494,20,4
105,500,30,60,0,5,709,0,651.26544,541.4118,120.29022,20,5
105,1000,30,0,0,5,808,1,789.28094,687.81177,114.75246,21,0
105,500,30,60,0,5,651,0,489,376.14548,130.0029,21,1
105,500,30,0,0,5,710,0,676,557.8273,121.18447,21,2
105,1000,30,10000,0,5,787,1,783.25073,809.90826,96.70857,21,3
105,1000,30,60,0,5,798,0,947,854.5226,110.82212,21,4
105,500,30,10000,0,5,522,0,416.38458,425.5014,97.85739,21,5
105,500,30,10000,1,5,593,0,448.62646,448.62646,100,22,0
105,1000,30,60,1,5,689,0,774.5641,774.5641,100,22,1
105,500,30,0,1,5,661,0,441.20428,441.20428,100,22,2
105,1000,30,0,1,5,683,0,765.205,765.205,100,22,3
105,500,30,60,1,5,592,0,422.3827,422.3827,100,22,4
105,1000,30,10000,1,5,744,0,774.96814,774.96814,100,22,5
105,1000,30,0,1,5,769,1,867.505,867.505,100,23,0
105,1000,30,10000,1,5,753,0,752.2168,752.2168,100,23,1
105,500,30,10000,1,5,596,0,465.92166,465.92166,100,23,2
105,500,30,0,1,5,600,0,409.67572,409.67572,100,23,3
105,500,30,60,1,5,582,0,404.52194,404.52194,100,23,4
105,1000,30,60,1,5,630,0,863.36835,863.36835,100,23,5
105,500,30,0,1,5,712,0,436.1381,436.1381,100,24,0
105,500,30,10000,1,5,631,1,403.2129,403.2129,100,24,1
105,500,30,60,1,5,639,0,500.58804,500.58804,100,24,2
105,1000,30,0,1,5,674,0,769.18176,769.18176,100,24,3
105,1000,30,60,1,5,881,0,860.47614,860.47614,100,24,4
105,1000,30,10000,1,5,656,0,779.4654,779.4654,100,24,5
105,500,30,10000,1,5,516,1,399.42776,399.42776,100,25,0
105,500,30,0,1,5,586,0,476.68552,476.68552,100,25,1
105,1000,30,0,1,5,642,0,836.2128,836.2128,100,25,2
105,1000,30,60,1,5,657,0,947.62836,947.62836,100,25,3
105,500,30,60,1,5,528,0,492.31473,492.31473,100,25,4
105,1000,30,10000,1,5,675,0,826.5705,826.5705,100,25,5
105,500,30,10000,1,5,635,0,418.76544,418.76544,100,26,0
105,1000,30,0,1,5,598,1,865.7457,734.8343,117.8151,26,1
105,500,30,60,1,5,570,0,403.07083,403.07083,100,26,2
105,1000,30,60,1,5,937,0,1306.5737,1306.5737,100,26,3
105,500,30,0,1,5,493,0,420.8177,420.8177,100,26,4
105,1000,30,10000,1,5,677,1,901.41943,904.53754,99.65528,26,5
105,1000,30,10000,1,5,691,1,745.883,745.883,100,27,0
105,500,30,10000,1,5,577,0,386.13605,386.13605,100,27,1
105,1000,30,60,1,5,618,0,942.54407,942.54407,100,27,2
105,1000,30,0,1,5,725,0,1130.6792,863.0897,131.00366,27,3
105,500,30,0,1,5,571,0,471.38202,471.38202,100,27,4
105,500,30,60,1,5,575,0,413.38293,413.38293,100,27,5
105,500,30,60,1,5,591,0,475.69687,475.69687,100,28,0
105,500,30,0,1,5,586,0,496.8266,496.8266,100,28,1
105,1000,30,60,1,5,614,0,892.42566,892.42566,100,28,2
105,1000,30,0,1,5,876,0,1157.438,889.4379,130.1314,28,3
105,500,30,10000,1,5,610,0,400.11472,400.11472,100,28,4
105,1000,30,10000,1,5,839,0,833.63586,833.63586,100,28,5
105,500,30,10000,1,5,735,0,396.60208,396.60208,100,29,0
105,1000,30,60,1,5,619,0,781.82,781.82,100,29,1
105,1000,30,10000,1,5,743,0,787.8191,787.8191,100,29,2
105,1000,30,0,1,5,746,0,923.95776,934.5947,98.86186,29,3
105,500,30,0,1,5,710,0,403.14374,415.61316,96.999756,29,4
105,500,30,60,1,5,489,0,424.6113,424.6113,100,29,5
105,1000,30,60,1,5,690,0,787.0911,787.0911,100,30,0
105,1000,30,10000,1,5,605,0,762.09607,762.09607,100,30,1
105,500,30,0,1,5,694,0,520.48254,520.48254,100,30,2
105,500,30,60,1,5,620,0,402.56763,402.80368,99.9414,30,3
105,1000,30,0,1,5,1000,0,1096.0798,1103.0112,99.3716,30,4
105,500,30,10000,1,5,505,0,384.99075,384.99075,100,30,5
105,500,30,10000,1,5,568,0,452.1949,452.1949,100,31,0
105,500,30,60,1,5,590,0,379.46658,379.46658,100,31,1
105,500,30,0,1,5,527,0,394.4344,394.4344,100,31,2
105,1000,30,10000,1,5,706,0,746.4257,746.4257,100,31,3
105,1000,30,60,1,5,666,0,999.2224,999.2224,100,31,4
105,1000,30,0,1,5,652,0,766.2331,766.2331,100,31,5
105,1000,30,10000,1,5,639,0,819.97955,821.1937,99.85214,32,0
105,500,30,60,1,5,600,0,397.29282,397.29282,100,32,1
105,500,30,0,1,5,563,0,508.47614,508.47614,100,32,2
105,1000,30,0,1,5,751,0,1085.2039,1085.2039,100,32,3
105,1000,30,60,1,5,721,0,759.43506,763.7343,99.43707,32,4
105,500,30,10000,1,5,493,0,407.31644,407.31644,100,32,5
105,1000,30,10000,1,5,783,1,779.82074,779.82074,100,33,0
105,500,30,0,1,5,593,0,431.89395,431.89395,100,33,1
105,1000,30,0,1,5,798,1,748.5512,755.6643,99.05869,33,2
105,1000,30,60,1,5,764,0,913.8911,913.8911,100,33,3
105,500,30,10000,1,5,637,0,410.57327,410.57327,100,33,4
105,500,30,60,1,5,642,0,396.2746,396.2746,100,33,5
105,500,30,0,1,5,575,0,507.0668,507.0668,100,34,0
105,1000,30,10000,1,5,851,0,1086.0953,1086.0953,100,34,1
105,500,30,10000,1,5,765,0,582.05554,582.05554,100,34,2
105,1000,30,0,1,5,643,0,972.5878,972.5878,100,34,3
105,500,30,60,1,5,614,0,498.5734,498.5734,100,34,4
105,1000,30,60,1,5,719,0,921.5247,921.5247,100,34,5
105,500,30,10000,1,5,643,0,485.18704,485.18704,100,35,0
105,1000,30,10000,1,5,654,1,895.18677,895.18677,100,35,1
105,500,30,0,1,5,614,0,459.8,459.8,100,35,2
105,1000,30,60,1,5,736,0,757.09094,757.09094,100,35,3
105,500,30,60,1,5,606,0,378.7305,378.7305,100,35,4
105,1000,30,0,1,5,782,0,801.57404,803.57666,99.750786,35,5
105,500,30,60,1,5,597,0,467.79037,467.79037,100,36,0
105,1000,30,60,1,5,748,0,832.8882,832.8882,100,36,1
105,1000,30,10000,1,5,682,0,763.21954,763.21954,100,36,2
105,1000,30,0,1,5,641,0,900.8169,900.8169,100,36,3
105,500,30,10000,1,5,531,0,406.0505,406.0505,100,36,4
105,500,30,0,1,5,554,0,416.53836,416.53836,100,36,5
105,1000,30,10000,1,5,661,1,753.3369,753.3369,100,37,0
105,500,30,0,1,5,716,0,653.86786,653.86786,100,37,1
105,500,30,10000,1,5,566,0,463.29187,463.29187,100,37,2
105,1000,30,0,1,5,1290,0,1476.1481,1211.6102,121.83357,37,3
105,1000,30,60,1,5,648,1,807.833,807.833,100,37,4
105,500,30,60,1,5,578,0,422.32318,422.32318,100,37,5
105,500,30,60,1,5,521,0,476.2869,476.2869,100,38,0
105,500,30,0,1,5,576,0,475.48972,475.48972,100,38,1
105,500,30,10000,1,5,629,0,508.68195,508.68195,100,38,2
105,1000,30,10000,1,5,659,0,789.206,790.206,99.87345,38,3
105,1000,30,60,1,5,724,0,995.6035,995.6035,100,38,4
105,1000,30,0,1,5,1137,0,1117.249,850.87274,131.30624,38,5
105,1000,30,0,1,5,876,0,947.4999,954.43744,99.273125,39,0
105,1000,30,60,1,5,831,0,824.1191,826.26666,99.74009,39,1
105,500,30,10000,1,5,558,0,428.5474,428.5474,100,39,2
105,1000,30,10000,1,5,603,0,766.67944,766.67944,100,39,3
105,500,30,60,1,5,621,0,412.77527,412.77527,100,39,4
105,500,30,0,1,5,606,0,500.3664,500.3664,100,39,5
105,500,30,60,1,5,779,0,420.44275,427.98914,98.23678,40,0
105,1000,30,60,1,5,945,0,822.6291,822.6291,100,40,1
105,500,30,0,1,5,813,0,760.2823,760.2823,100,40,2
105,1000,30,10000,1,5,659,0,858.3312,863.22406,99.43318,40,3
105,1000,30,0,1,5,739,0,837.2665,837.2665,100,40,4
105,500,30,10000,1,5,622,0,418.21216,418.21216,100,40,5
105,1000,30,10000,1,5,778,0,906.11926,906.11926,100,41,0
105,500,30,10000,1,5,575,0,384.73428,384.73428,100,41,1
105,500,30,0,1,5,649,0,591.5598,591.5598,100,41,2
105,1000,30,0,1,5,764,0,876.89343,877.66626,99.91195,41,3
105,500,30,60,1,5,660,0,553.52765,553.52765,100,41,4
105,1000,30,60,1,5,685,0,772.28937,772.28937,100,41,5
105,1000,30,10000,1,5,727,0,846.7383,846.7383,100,42,0
105,500,30,10000,1,5,474,0,437.95645,437.95645,100,42,1
105,1000,30,0,1,5,558,0,775.4375,775.4375,100,42,2
105,500,30,60,1,5,621,0,473.77307,473.77307,100,42,3
105,1000,30,60,1,5,722,0,900.9217,900.9217,100,42,4
105,500,30,0,1,5,662,0,480.96906,480.96906,100,42,5
105,500,30,10000,1,5,610,0,407.66873,407.66873,100,43,0
105,500,30,0,1,5,600,0,408.92218,411.62866,99.3425,43,1
105,1000,30,10000,1,5,652,0,780.2951,780.2951,100,43,2
105,1000,30,0,1,5,646,0,830.59985,830.59985,100,43,3
105,500,30,60,1,5,520,0,428.51093,428.51093,100,43,4
105,1000,30,60,1,5,614,0,833.5432,833.5432,100,43,5
105,1000,30,0,0,4,1027,0,793,832.23474,95.28562,44,0
105,500,30,10000,0,4,714,0,518,542.46423,95.49017,44,1
105,500,30,60,0,4,689,0,385,403.55112,95.40303,44,2
105,1000,30,60,0,4,775,0,739,766.49817,96.41249,44,3
105,1000,30,10000,0,4,726,0,790.2539,805.76855,98.074554,44,4
105,500,30,0,0,4,504,0,364.324,381.4092,95.52051,44,5
105,1000,30,60,0,4,681,0,860.348,881.22064,97.63139,45,0
105,500,30,10000,0,4,526,0,395,407.98834,96.81649,45,1
105,1000,30,10000,0,4,734,0,743.2758,769.6073,96.57858,45,2
105,1000,30,0,0,4,653,1,816,831.0413,98.19006,45,3
105,500,30,0,0,4,660,0,414,437.89307,94.54363,45,4
105,500,30,60,0,4,610,0,382.0501,409.64,93.26484,45,5
105,500,30,10000,0,4,523,0,444,461.6455,96.17769,46,0
105,500,30,60,0,4,520,0,377.04498,401.36444,93.9408,46,1
105,1000,30,10000,0,4,691,0,830.3456,845.12274,98.25148,46,2
105,1000,30,60,0,4,695,0,742,751.8756,98.68653,46,3
105,500,30,0,0,4,632,0,363.29602,395.45245,91.86844,46,4
105,1000,30,0,0,4,643,0,833.7083,853.2661,97.70789,46,5
105,1000,30,0,0,4,515,1,748.2544,768.80975,97.32634,47,0
105,1000,30,60,0,4,600,0,822.2996,830.51245,99.01111,47,1
105,500,30,60,0,4,520,1,414,425.57095,97.281075,47,2
105,500,30,0,0,4,769,0,623,643.39514,96.83008,47,3
105,1000,30,10000,0,4,644,0,780.0238,795.48096,98.05688,47,4
105,500,30,10000,0,4,645,0,470.617,482.6578,97.50531,47,5
105,500,30,60,0,4,586,0,417,438.31778,95.13646,48,0
105,500,30,10000,0,4,670,0,434.1647,445.0445,97.55534,48,1
105,1000,30,0,0,4,757,0,847,877.1936,96.55793,48,2
105,1000,30,60,0,4,917,0,922,946.48114,97.41346,48,3
105,1000,30,10000,0,4,645,0,846,865.39026,97.75936,48,4
105,500,30,0,0,4,805,0,454,482.193,94.153175,48,5
105,1000,30,60,0,4,622,0,838.65674,854.2493,98.174706,49,0
105,1000,30,10000,0,4,725,0,738.4641,764.485,96.59629,49,1
105,500,30,60,0,4,660,0,465,483.3621,96.20117,49,2
105,500,30,0,0,4,667,0,505,525.84,96.03681,49,3
105,1000,30,0,0,4,776,0,957,985.44916,97.113075,49,4
105,500,30,10000,0,4,635,0,477.39337,493.61108,96.71447,49,5
105,500,30,10000,0,4,734,0,427,437.43356,97.61482,50,0
105,500,30,0,0,4,821,0,509,525.3753,96.883125,50,1
105,500,30,60,0,4,709,0,367.65027,371.62418,98.930664,50,2
105,1000,30,10000,0,4,724,0,787,807.0824,97.51173,50,3
105,1000,30,0,0,4,831,0,838,875.94147,95.668495,50,4
105,1000,30,60,0,4,863,1,1153.9874,1181.0963,97.704765,50,5
105,1000,30,10000,0,4,693,0,749,773.6862,96.80927,51,0
105,500,30,60,0,4,716,0,372,384.53073,96.741295,51,1
105,500,30,10000,0,4,745,0,570,580.487,98.19341,51,2
105,1000,30,0,0,4,947,1,1010.0426,1044.8105,96.67232,51,3
105,500,30,0,0,4,629,0,408,419.8336,97.18136,51,4
105,1000,30,60,0,4,630,1,727.8453,745.38477,97.64692,51,5
105,1000,30,60,0,4,688,0,784,805.06354,97.38362,52,0
105,500,30,60,0,4,590,0,352,373.09848,94.34506,52,1
105,500,30,10000,0,4,812,0,472,484.03583,97.51344,52,2
105,500,30,0,0,4,655,0,437.26544,449.42908,97.29354,52,3
105,1000,30,0,0,4,976,0,1082,1114.2354,97.10695,52,4
105,1000,30,10000,0,4,877,0,777.4878,811.5256,95.8057,52,5
105,1000,30,0,0,4,807,0,874,901.7918,96.91816,53,0
105,500,30,10000,0,4,765,1,560,576.60614,97.120026,53,1
105,500,30,0,0,4,831,0,613,627.1037,97.75098,53,2
105,1000,30,10000,0,4,676,0,779,798.03107,97.61525,53,3
105,1000,30,60,0,4,905,0,986.3036,1014.6912,97.20234,53,4
105,500,30,60,0,4,741,1,526.09656,543.3557,96.82359,53,5
105,500,30,10000,0,4,676,0,445,464.443,95.8137,54,0
105,500,30,60,0,4,662,1,396,408.63284,96.90851,54,1
105,1000,30,0,0,4,598,0,775,789.41376,98.17412,54,2
105,500,30,0,0,4,644,1,588.2639,628.0062,93.67167,54,3
105,1000,30,10000,0,4,718,0,769,795.4499,96.67485,54,4
105,1000,30,60,0,4,660,0,776,805.1387,96.38091,54,5
105,500,30,0,0,4,744,0,451,476.90863,94.56738,55,0
105,1000,30,10000,0,4,621,0,802,820.6938,97.7222,55,1
105,500,30,60,0,4,723,0,353,374.1222,94.3542,55,2
105,1000,30,0,0,4,864,0,964,985.05334,97.86272,55,3
105,500,30,10000,0,4,759,0,401,418.0227,95.9278,55,4
105,1000,30,60,0,4,797,0,715,727.66205,98.2599,55,5
105,500,30,10000,0,4,642,0,391,413.24014,94.6181,56,0
105,500,30,0,0,4,558,0,426,437.50186,97.37101,56,1
105,500,30,60,0,4,695,0,358,383.8648,93.262,56,2
105,1000,30,0,0,4,962,0,881,909.7646,96.838234,56,3
105,1000,30,60,0,4,742,0,957,975.95044,98.05826,56,4
105,1000,30,10000,0,4,571,0,784.4896,808.57513,97.02124,56,5
105,500,30,60,0,4,544,0,369,384.91403,95.86556,57,0
105,500,30,0,0,4,615,0,394,412.94806,95.411514,57,1
105,1000,30,10000,0,4,689,1,849,874.3103,97.10511,57,2
105,1000,30,60,0,4,912,0,724,756.15375,95.74772,57,3
105,500,30,10000,0,4,516,0,360,367.54382,97.9475,57,4
105,1000,30,0,0,4,900,0,1046,1070.2428,97.73483,57,5
105,500,30,0,0,4,471,0,365,393.2573,92.81455,58,0
105,1000,30,10000,0,4,676,0,822,835.24506,98.41423,58,1
105,500,30,10000,0,4,620,0,369,384.1995,96.04385,58,2
105,500,30,60,0,4,692,0,591,602.5046,98.09054,58,3
105,1000,30,0,0,4,695,0,712,732.7367,97.16997,58,4
105,1000,30,60,0,4,715,0,718.2684,741.758,96.833244,58,5
105,1000,30,0,0,4,776,0,927.6446,943.9095,98.27686,59,0
105,500,30,0,0,4,467,0,373,388.04294,96.12338,59,1
105,500,30,10000,0,4,531,0,379,396.05838,95.69296,59,2
105,500,30,60,0,4,520,0,381,400.76276,95.06872,59,3
105,1000,30,10000,0,4,650,1,827,839.1975,98.54653,59,4
105,1000,30,60,0,4,687,0,768,786.42377,97.65727,59,5
105,500,30,60,0,4,488,0,376.2187,388.70657,96.78732,60,0
105,1000,30,10000,0,4,897,0,1010,1044.3823,96.70788,60,1
105,500,30,0,0,4,593,0,383,413.94153,92.52514,60,2
105,500,30,10000,0,4,627,0,411,437.50116,93.942604,60,3
105,1000,30,60,0,4,823,0,827.8633,846.9137,97.75061,60,4
105,1000,30,0,0,4,923,0,918.67126,937.65485,97.97542,60,5
105,1000,30,0,0,4,803,0,887,915.7663,96.85877,61,0
105,1000,30,60,0,4,810,0,881.084,917.1106,96.071724,61,1
105,500,30,60,0,4,571,0,407,419.02957,97.12918,61,2
105,500,30,10000,0,4,698,0,520.8284,531.51715,97.98901,61,3
105,1000,30,10000,0,4,827,0,958,990.30286,96.73808,61,4
105,500,30,0,0,4,555,0,408,429.80334,94.92713,61,5
105,1000,30,60,0,4,641,0,788,812.7934,96.94961,62,0
105,500,30,0,0,4,560,0,367,399.06332,91.965355,62,1
105,1000,30,0,0,4,740,0,821.1675,845.4601,97.1267,62,2
105,500,30,10000,0,4,1098,0,576.5765,596.91113,96.59335,62,3
105,500,30,60,0,4,565,0,436,453.123,96.22112,62,4
105,1000,30,10000,0,4,713,0,768,791.67395,97.009636,62,5
105,1000,30,60,0,4,882,0,932,951.0621,97.995705,63,0
105,500,30,0,0,4,815,0,665,676.3776,98.31786,63,1
105,1000,30,0,0,4,731,0,813,837.49725,97.07494,63,2
105,500,30,10000,0,4,693,0,357,381.90405,93.47898,63,3
105,500,30,60,0,4,535,1,376.89313,388.309,97.060104,63,4
105,1000,30,10000,0,4,770,0,838.27765,864.6693,96.94777,63,5
105,1000,30,0,0,4,641,0,861.2128,895.4318,96.17849,64,0
105,500,30,10000,0,4,634,0,462,472.92905,97.68907,64,1
105,1000,30,10000,0,4,710,0,795,821.33826,96.79325,64,2
105,500,30,60,0,4,692,0,353.96216,370.3037,95.58698,64,3
105,1000,30,60,0,4,718,0,876,894.953,97.88223,64,4
105,500,30,0,0,4,565,0,395,421.8454,93.6362,64,5
105,1000,30,0,0,4,775,0,925,949.8749,97.38125,65,0
105,500,30,60,0,4,691,0,536.37476,562.40875,95.37099,65,1
105,500,30,0,0,4,499,0,369,389.93317,94.6316,65,2
105,1000,30,10000,0,4,688,1,849,872.3466,97.3237,65,3
105,1000,30,60,0,4,890,0,1116,1135.3265,98.29771,65,4
105,500,30,10000,0,4,664,1,348,366.74023,94.89005,65,5
105,1000,30,60,1,4,725,0,1012.93286,1012.93286,100,66,0
105,1000,30,0,1,4,808,1,891.9923,891.9923,100,66,1
105,1000,30,10000,1,4,870,0,853.71216,853.71216,100,66,2
105,500,30,0,1,4,685,0,399.98434,399.98434,100,66,3
105,500,30,10000,1,4,620,1,448.99188,448.99188,100,66,4
105,500,30,60,1,4,965,0,510.97195,510.97195,100,66,5
105,1000,30,0,1,4,833,0,928.8147,928.8147,100,67,0
105,500,30,10000,1,4,587,0,404.31757,404.31757,100,67,1
105,1000,30,60,1,4,688,0,771.99536,771.99536,100,67,2
105,500,30,60,1,4,594,0,417.25662,417.25662,100,67,3
105,1000,30,10000,1,4,764,0,873.0263,873.0263,100,67,4
105,500,30,0,1,4,792,0,398.37497,398.37497,100,67,5
105,1000,30,60,1,4,781,1,769.22003,769.22003,100,68,0
105,500,30,60,1,4,770,0,416.8034,416.8034,100,68,1
105,500,30,0,1,4,814,0,562.7275,562.7275,100,68,2
105,500,30,10000,1,4,612,0,436.17197,436.17197,100,68,3
105,1000,30,0,1,4,916,0,993.4649,993.4649,100,68,4
105,1000,30,10000,1,4,871,1,787.4767,787.99817,99.93382,68,5
105,1000,30,10000,1,4,815,0,782.0704,782.0704,100,69,0
105,500,30,10000,1,4,849,0,576.8054,576.8054,100,69,1
105,500,30,0,1,4,665,0,402.91385,402.91385,100,69,2
105,1000,30,60,1,4,873,1,848.5418,849.25006,99.9166,69,3
105,500,30,60,1,4,672,0,481.7876,481.7876,100,69,4
105,1000,30,0,1,4,764,0,801.96936,801.96936,100,69,5
105,500,30,0,1,4,638,0,430.361,430.361,100,70,0
105,500,30,10000,1,4,677,0,463.07562,463.07562,100,70,1
105,1000,30,10000,1,4,764,0,840.9383,840.9383,100,70,2
105,1000,30,60,1,4,709,0,794.70605,794.70605,100,70,3
105,1000,30,0,1,4,914,1,793.64166,793.90295,99.96709,70,4
105,500,30,60,1,4,644,0,441.24207,441.24207,100,70,5
105,1000,30,10000,1,4,1096,1,838.17053,838.17053,100,71,0
105,1000,30,0,1,4,677,0,831.5854,831.5854,100,71,1
105,1000,30,60,1,4,792,0,896.57306,896.57306,100,71,2
105,500,30,60,1,4,827,0,410.18863,410.18863,100,71,3
105,500,30,10000,1,4,655,1,423.26968,423.26968,100,71,4
105,500,30,0,1,4,698,0,423.81583,423.81583,100,71,5
105,1000,30,0,1,4,883,0,846.8943,846.8943,100,72,0
105,500,30,60,1,4,953,0,679.0808,679.0808,100,72,1
105,500,30,0,1,4,773,1,500.31906,504.31906,99.206856,72,2
105,500,30,10000,1,4,598,0,396.48724,396.48724,100,72,3
105,1000,30,10000,1,4,787,0,785.37305,785.37305,100,72,4
105,1000,30,60,1,4,925,0,932.4341,932.4341,100,72,5
105,500,30,60,1,4,579,0,436.62347,436.62347,100,73,0
105,1000,30,0,1,4,804,0,910.5953,910.5953,100,73,1
105,500,30,10000,1,4,737,0,430.79507,430.79507,100,73,2
105,1000,30,60,1,4,723,0,760.919,760.919,100,73,3
105,1000,30,10000,1,4,614,0,738.46466,738.46466,100,73,4
105,500,30,0,1,4,836,0,570.2928,570.2928,100,73,5
105,1000,30,60,1,4,807,0,958.248,958.248,100,74,0
105,500,30,60,1,4,723,0,556.2363,556.2363,100,74,1
105,500,30,10000,1,4,918,0,602.60516,602.60516,100,74,2
105,1000,30,0,1,4,753,0,739.13043,739.13043,100,74,3
105,500,30,0,1,4,624,0,498.22806,498.22806,100,74,4
105,1000,30,10000,1,4,786,0,780.4706,780.4706,100,74,5
105,1000,30,10000,1,4,811,1,876.9708,882.2703,99.39934,75,0
105,500,30,0,1,4,765,0,559.7124,559.7124,100,75,1
105,500,30,10000,1,4,633,0,505.0338,505.0338,100,75,2
105,1000,30,60,1,4,981,1,969.2282,969.2282,100,75,3
105,1000,30,0,1,4,778,0,912.76196,912.76196,100,75,4
105,500,30,60,1,4,654,0,422.80933,422.80933,100,75,5
105,500,30,0,1,4,627,0,445.7031,445.7031,100,76,0
105,500,30,60,1,4,830,0,641.08044,641.08044,100,76,1
105,500,30,10000,1,4,643,0,436.40906,436.40906,100,76,2
105,1000,30,60,1,4,785,0,909.9441,909.9441,100,76,3
105,1000,30,10000,1,4,914,0,906.15125,910.9796,99.46998,76,4
105,1000,30,0,1,4,839,0,827.33386,827.33386,100,76,5
105,1000,30,0,1,4,792,0,829.32556,829.32556,100,77,0
105,500,30,60,1,4,756,1,531.71155,531.71155,100,77,1
105,500,30,0,1,4,717,0,448.19818,448.19818,100,77,2
105,1000,30,10000,1,4,1295,0,811.23425,811.23425,100,77,3
105,500,30,10000,1,4,755,0,487.6377,487.6377,100,77,4
105,1000,30,60,1,4,734,0,947.7467,947.7467,100,77,5
105,500,30,0,1,4,679,0,431.70218,431.70218,100,78,0
105,1000,30,10000,1,4,798,0,817.4669,817.4669,100,78,1
105,500,30,10000,1,4,768,0,452.37518,452.37518,100,78,2
105,1000,30,0,1,4,775,0,888.1552,888.1552,100,78,3
105,500,30,60,1,4,682,0,406.70068,406.70068,100,78,4
105,1000,30,60,1,4,750,0,763.007,763.007,100,78,5
105,500,30,60,1,4,625,0,458.3203,458.3203,100,79,0
105,1000,30,0,1,4,810,0,852.51587,852.51587,100,79,1
105,1000,30,10000,1,4,710,0,757.2953,757.2953,100,79,2
105,500,30,0,1,4,658,0,423.8575,423.8575,100,79,3
105,1000,30,60,1,4,669,0,738.51434,738.51434,100,79,4
105,500,30,10000,1,4,523,1,396.8826,396.8826,100,79,5
105,500,30,60,1,4,750,1,455.14056,458.55478,99.25544,80,0
105,1000,30,10000,1,4,809,0,783.5046,783.5046,100,80,1
105,500,30,0,1,4,850,0,527.26666,527.26666,100,80,2
105,500,30,10000,1,4,538,0,418.5193,418.5193,100,80,3
105,1000,30,60,1,4,910,0,800.7932,800.7932,100,80,4
105,1000,30,0,1,4,734,0,862.98157,862.98157,100,80,5
105,500,30,10000,1,4,536,0,411.89508,411.89508,100,81,0
105,500,30,0,1,4,576,0,468.95532,468.95532,100,81,1
105,1000,30,60,1,4,699,0,758.96796,758.96796,100,81,2
105,1000,30,10000,1,4,709,0,830.06525,831.06525,99.87967,81,3
105,1000,30,0,1,4,682,1,788.63544,788.63544,100,81,4
105,500,30,60,1,4,650,0,403.66898,403.66898,100,81,5
105,500,30,0,1,4,580,0,419.67093,419.67093,100,82,0
105,1000,30,60,1,4,797,0,845.5,845.5,100,82,1
105,500,30,60,1,4,695,0,515.04065,515.04065,100,82,2
105,1000,30,0,1,4,818,0,889.64105,889.64105,100,82,3
105,500,30,10000,1,4,641,0,409.50403,409.50403,100,82,4
105,1000,30,10000,1,4,836,0,753.66345,753.66345,100,82,5
105,500,30,10000,1,4,580,0,381.09286,381.09286,100,83,0
105,500,30,60,1,4,662,0,436.53073,436.53073,100,83,1
105,500,30,0,1,4,721,1,445.01614,445.01614,100,83,2
105,1000,30,10000,1,4,965,0,774.5607,775.1074,99.92947,83,3
105,1000,30,60,1,4,808,0,941.09375,941.09375,100,83,4
105,1000,30,0,1,4,892,0,872.09076,872.09076,100,83,5
105,1000,30,10000,1,4,932,0,1074.1292,1074.1292,100,84,0
105,500,30,0,1,4,865,0,423.36923,423.36923,100,84,1
105,500,30,10000,1,4,649,0,401.36298,401.36298,100,84,2
105,1000,30,60,1,4,914,0,925.05475,925.05475,100,84,3
105,500,30,60,1,4,554,0,397.05853,397.05853,100,84,4
105,1000,30,0,1,4,645,0,755.74493,755.74493,100,84,5
105,500,30,10000,1,4,637,0,456.37863,456.37863,100,85,0
105,500,30,0,1,4,1028,1,553.9109,553.9109,100,85,1
105,500,30,60,1,4,638,0,437.4387,437.4387,100,85,2
105,1000,30,10000,1,4,626,0,771.6726,771.6726,100,85,3
105,1000,30,0,1,4,738,0,811.8717,811.8717,100,85,4
105,1000,30,60,1,4,1210,0,1117.3241,1117.3241,100,85,5
105,500,30,10000,1,4,595,0,394.3573,394.3573,100,86,0
105,500,30,60,1,4,700,0,476.31693,476.31693,100,86,1
105,1000,30,0,1,4,822,0,908.13354,908.13354,100,86,2
105,1000,30,10000,1,4,748,0,857.51416,857.51416,100,86,3
105,1000,30,60,1,4,899,0,955.02747,955.02747,100,86,4
105,500,30,0,1,4,860,0,443.92535,443.92535,100,86,5
105,1000,30,60,1,4,931,0,767.1858,767.1858,100,87,0
105,500,30,60,1,4,735,0,525.9951,525.9951,100,87,1
105,1000,30,10000,1,4,764,0,802.7914,802.7914,100,87,2
105,500,30,0,1,4,715,0,401.05054,401.05054,100,87,3
105,1000,30,0,1,4,1064,0,1015.1169,1015.1169,100,87,4
105,500,30,10000,1,4,608,1,424.234,424.234,100,87,5